posting_id,image,image_phash,title,label_group
train_2335515391,48bd37700cb4d84a7a30e364505a9adc.jpg,b7b4856b19c15a9c,Happy Call Grill Pan Alat Pemanggang,3893786536
train_1403240912,9c95c4fc5d37a29af29f14c0e4d4596e.jpg,ae87d86c87b3c0b8,JONICAT perangkap tikus jebakan tikus JONI CAT aman tanpa racun tikus,1126912250
train_4292488993,0e2e9f8ea4e877e0482cf14f7a9de1c8.jpg,f916c1e19e1f0d4a,[READY STOCK] Follow Me Green Tea Shampoo Malaysia Anti Hairfall Dandruff 6 in 1 650ml & Share,1151643989
train_400351908,0831db0b54ec0db05651ba29fd814826.jpg,df9175e4624a626a,Lip tint madame gie / liptint madame.gie ala korea,2966681171
train_3365654772,337a6857ba721ac3518fddcdba0bcc2f.jpg,e1329bcdcecd0c8c,1KG BISA 4PCS | BAGGY JEANS SAKU / POCKET RAWIS JEANS / BAGGY JEANS RAWIS SAKU,4043587155
train_2013747665,c80345c0455e501242fbd24cbace2771.jpg,e66627929c99d859,Acne Mask 30gr,1722311799
train_3169817728,58dff560fab0c99920652e3c70c6cf44.jpg,e10adef1e11e1365,Guling ANDES isi full silikon,459746904
train_2254345921,fb6e05a208d82c3f6acdf6e4f2c9a209.jpg,eed5d06a4ed5224c,De Essential Panci Set Teflon Fry Pan dan Panci Susu-Panci Set Fry Pan and Milk Pan,1937048978
train_528229760,3f327bc2eff59085bd1d7ddc5f1c04ca.jpg,a0c69b99cc33cd33,[BPOM] SOMETHINC NIACINAMIDE + MOISTURE BEET SERUM,2121822798
train_1371006716,d3d5e259450a5829ced451fc3d8209c6.jpg,fe9a94639934c11d,ZEE CHOCO BOOM 10 SACHET X  27GR,1341700491
train_3549847716,f44efbc2ae1d6d48db59a275e982b7b6.jpg,bfc0c03bc13d9c39,Anti Crack Case redmi 6x Redmi Note 5pro MI A2 Vivo Y69 V7 Zenfone 4 Max MI MIX J5 Pro J5 2017 J3Pro,100773610
train_3438817817,fe51927a0c10f82767f87ca8007a1200.jpg,cd89208c4ad6ff6a,( READY ) LAZEL GLUTA PURE BY SKINEST CLINIC LACHEL SUPLEMEN PEMUTIH 100% ORI,467475402
train_1405233689,69ac09780bb4a044f93dc57d3923d5a1.jpg,9f33e231b31cb40e,HIROKI GT 920 gas torch multiple portable burner pematik api barbeque,1714128186
train_766755178,6a99c59ef704fbcc67f921b265f9626e.jpg,a8a0c7a057867b7b,ABC SAOS SAMBAL EXTRA PEDAS POUCH 380gram,2025865799
train_1840871302,5c2681090246612680c0d79e924e526f.jpg,9ca228a6d3bb2a5d,Taplak kulkas anti air,85583521
train_4162065845,d3fc53f2471cddbfacbf2b1b13bcf92b.jpg,9606ad2ccaab58d7,FLARE SKIRT (NEW FREXA),3197346856
train_2851961750,8ee65c87c3952e20282679ed640aa62e.jpg,db4da6b2c4d53982,Minicart Artline Stix Brush Marker,4050048689
train_1559260563,ac7c7e1c1d58689b7846ec9550b77969.jpg,9b2df16f80d24ed0,OMGENDUT CELENGAN ATM  WITH MONEY ( Poli / paw / hellokitty / littlepony ),3688346948
train_2312337653,d567b04b23cd781690917625f1d4d71b.jpg,fbe2e78b123e6101,TERMURAH!!! Sarung anak gajah manggis lembut & nyaman dipakai,3287944109
train_2344122634,067c4ddb61ccc1f70f496e6fc357ea77.jpg,fea383b062e1a587,BabyBee 3 Layers Prevention Mask Masker Kain Dewasa Non Medis 3 Lapis,1595881498
train_3026453668,3f9da216af7236f0532f532d864f771a.jpg,f08d78304ef630ee,OUTHER MARINKA BALONY KNITE,2308364661
train_2086724264,27559d776f179771fbb7a988174931f5.jpg,cae5e116ed48eca4,MARINKA BALONY OUTHER // OUTHER PREMIUM // OUTHER BUTTON,2308364661
train_671649605,a733a0ccc1e536593c7ab5014111479a.jpg,dacec43b851b39c8,DNM Eyebrow Matic Brush Pensil Alis Sikat,324843646
train_1956904817,ee9b222f589d8d37196ef43fc95caf99.jpg,d619cde68c3ce063,Lakm\xc3\xa9 Make Up Lipstick Classic Reinvent Liquid Matte Sunset Matte Finish 2.9 gr,2497751413
train_1033287071,8a2c405f24a3310c0148b273351dc29c.jpg,c0dcbf22bdc8bc90,ISLAM DITINJAU DARI BERBAGAI ASPEKNYA JL.1 &2,2937570906
train_3064685478,5c42b80743a25dc5ce3bb62069d258c5.jpg,ab23a5a6a4edec81,COOLING 5 SPRAY MULUT TENGGOROKAN RASA COOL MINT DAN CHERRY,2403853885
train_3838556050,52b21dd99f7c663b4b4ebd8332219f2e.jpg,fe314347c9464e6c,GM Bear Shower Mandi Simple Set 3 Pcs 1040-Shower Head Set 3 pcs,2204320243
train_2418157841,ed78290e6172d08f42734115d2f3181e.jpg,f281d2595b65e05e,Isi daya USB \xe2\x99\xbb\xef\xb8\x8fTimbangan Badan Dengan Varian Warna Cantik Timbangan berat Timbangan Mini 180kg,3527526514
train_3944126362,aed64caa79bf3b290c9d06903955c14c.jpg,bec0c5e6331cc273,Paket Kasur Bayi Lipat Kelambu Set Kelambu Murah | Produk Perlengkapan & Peralatan Baby Baru Lahir,3010010739
train_2989669919,7db9260cdf06b79a6d59777781bc82c5.jpg,eac596949d3a6986,CREAMBATH CULTUSIA 1000GR / 1KG CREAM KRIMBATH CULTUSIA,3348084900
train_3975506092,798773ddd9aeff338bdb58a394e31c87.jpg,d2c85aa6d936c25d,Citra Sabun Mandi Cair Natural White 400 ml - Sabun Body Wash Sabun Cair Mandi Sabun Mandi Refill,3868704829
train_1961497444,3c111bfe6f146462d970e10a27cbc9fe.jpg,b4cd6161c349cecd,TEMPERED GLASS 9D FULL COVER SAMSUNG J8+/J5/J510/J7/J7 CORE/J7 DUO/J2 PRO/J3 PRO/J5 PRO/J7 PRO,2769714447
train_1084009550,e81b42b31a7a81e2ae99909b65ff9ba5.jpg,b1cbce30cc2cce9a,YOURSLIM STRONG / YS STRONG,4253826862
train_2119602397,c751da49d8ce69e9428d6fe6cdd90d29.jpg,bacfc34bc7318438,Double Folio Bergaris Sidu 100 lembar,2478430102
train_510666025,f1fb75a3c4b203567990095d3168faa3.jpg,bee0cd1f60b023c7,Topi baseball polos bahan cotton  twill ring pola cagak,3236159568
train_515575520,861a9d2c239456b401aa1be2fcd06230.jpg,ee9be4a9a15e5054,Bohemian Sektor Panjang Rumbai Liontin Perhiasan Set Nanas Bunga Daun Anting Pejantan Jantung,3322338488
train_2805201745,7fb59152211a5932dadb7d64dd56b4bc.jpg,fea383b062e1a587,BABYBEE 3 Layer Prevention Mask Masker Kain Dewasa non Medis 3 Lapis,1595881498
train_3022066759,fd9d2faa4c7d56e0c5c9727a5568e475.jpg,9b19e484b9d9e686,KULOT SCUBA/KULOT POLOS/LEONY CELANA PANJANG WANITA,3117416408
train_1619349758,150240b095540301e5469e27a4c59950.jpg,e5b01be6865a899d,Buff Masker Mulut Bandana Multifungsi Penutup Muka Motor Import Buff Motor Penutup Mulut Multifungsi,1892041516
train_224225845,b1387e704e45fec7d3622bbf212536ad.jpg,8b65e01a5fee2331,Rolling Pin Fondant Non Stick 23 cm (with Rubber),1237870527
train_284207796,95d5ab07446e321c32fdad84a14bccd1.jpg,e46d69dcb7520d60,11.11 SUPER SHOPPING BIG SALE !! Sepatu Sneakers Casual Wanita Import - 6634,1284560630
train_574540438,34cf9563166563562634876c92f80cbd.jpg,89c3d252e53c1d6d,Grosir 1 Lusin Isi 12 Pcs Celana Dalam Wanita ESSE,2131121318
train_3476473016,00e65d8466dfdaa6e120f9630acd0a95.jpg,d7802cd873936e9c,Reed Diffuser Aromatherapy Pengharum Ruangan Merek Josmine / Pengharum Ruangan Aroma Josmine,3411023097
train_627265114,9193bd89bfc4487ba6fcdc0ab27a56e1.jpg,ef1b38663c381e38,Lemon Tea Max Tea BAG 30 Pcs,777055482
train_3016861522,7f5ce2bf3d17108923f56a717308edd9.jpg,eb5f4e17c56088d2,Ikat Rambut Elastis Invisible untuk Wanita,4257355866
train_4026565030,05864fb95cc126433f0298db01b9edd6.jpg,ee84be918e14bf30,Paket Islam ditinjau Dari Berbagai Aspeknya Jilid 1&2 ORIGINAL,2937570906
train_399435290,e8ba330ebe10bc5e5a4539b7c5f7b810.jpg,f9b98443da840ddb,SP- SEPATU PRIA SPORT ADIDS GARIS 39-43,467237087
train_4198413354,eccf3f72191b2cc3a330c80a1bc7a8e4.jpg,e123cecec664a3c9,Mediheal H.D.P Pore-Stamping Black Mask EX,4044229306
train_747105122,71a89c0b2202f22e5173acd0ca807b32.jpg,eab0951f086adf91,"Charger/Casan laptop 19v3.42a Acer Aspire 4732Z, 4736, 4738, 4739, 4740, 4741, 4750, 4752, 4755",1815501716
train_1063291191,f6bfca7ec7d8dd813b7b70571648c825.jpg,9f13e13e42c71e91,SEPATU SNEAKERS WANITA JINTU MGR 04,2284020704
train_1366310182,e33194d50c339816323cd672d4bd9003.jpg,ae87d86c87b3c0b8,GEO - JONI CAT Perangkap Tikus ORIGINAL USA Jebakan Tanpa Lem Racun Jepretan,1126912250
train_1889203732,4516844e46bf1449c7007b666f4669e8.jpg,fc60ad2d692d611b,Dompet lipat wanita mini-ruby,3766516310
train_1611440564,1a8f90243931c23699f26588a2c29f75.jpg,afc2d03939e1f426,"lakban / isolasi opp fragile merah jangan dibanting 2"" 48 mm x 80 m - borneo",2406872845
train_3575703314,d59dc789aa632791de0133af8324cee6.jpg,ab09b4b6c371d4e1,[COD] OBAT PENGGEMUK BADAN PENAMBAH NAFSU MAKAN SAMYUNWAN SAM YUN WAN SAMYUN WAN ORIGINAL BPOM,2759050553
train_1594091164,e9aa3c2e123d2d17df1fdea8aa112bff.jpg,ba85c55a817a3bc5,Tasbih Digital Led / Finger Counter Digital Led Besar Ada Lampu Led,3793406295
train_3383696066,071ea84454bc185f05e4c6dfc56d19c4.jpg,da760c92e99ca7c1,"Cream HN Ori 15gr/krim HN ori,beli 10 gratis 1",971745133
train_485829569,4eb4fa079b70c07c68f931fb12d6a748.jpg,d2b8518e79ac4e8d,Dove Shampo Total Hairfall Treatment 680 ml-Shampo Perawatan Rambut Rontok Sampo Anti Rambut Rontok,1337881232
train_2351081465,a8b968d518efb5e71f4b986e01654186.jpg,ebd5c4a5c4a2d4b8,Sarung bantal sofa 40x40,99699720
train_3613014960,2a4b62c70cead37a25b9c3735d7ae660.jpg,e3979263396586cc,M231 Kemeja Pria Koko Pendek Warna Maroon 1582,2054351556
train_4166393407,2bf196d183f4c05ed3d2dfa89dc1f134.jpg,f076d707d807df00,DRESS ANINDYA - Moscrepe Mix Renda L {PROMO DRESS MURAH / DRESS MURAH},1232051693
train_4184269378,5630c90fae23346b7275fd3fbb2aae64.jpg,e5389a869a699a9e,Artline Stix Brush Marker,4050048689
train_3260017982,e2cd3d5695cd69ff0b51c5e1a715fdef.jpg,ba1e912dcef0c923,ULTIMA II BEDAK TABUR KECIL 24 gr / exp 2023,937525808
train_2737901526,35ea932ada9c49545ac858037faaf0c1.jpg,f78e9961aca431c6,PAKET Bio Herbal Shampo + Hair Tonic Ginseng BPOM,3023899558
train_705121775,67597a709ae9ea012be834b4b3fbeb84.jpg,beb4cb1f9168a492,Tas pinggang consina coda waistbag consina,886336390
train_3875648764,a2d5b19fe0bc2289196c5b4980a5b882.jpg,f0778723dc2fcc02,"ZAHIRA DRES,,SERUT RENDA 3 SUSUN",1232051693
train_3220720473,96f3d034deab05fbc94e0f1e367d4a69.jpg,ebe33362c91d948c,PEPSODENT Action 123 Pasta Gigi Charcoal 160gr,3500184040
train_205126562,96e9da714f43e16d3577c0a384a0a20f.jpg,93542f72598d6a8d,Zee boom choco sachet 27gr (renceng),1341700491
train_1152285444,37e268deca5a6a4ded08e4ab85a2fa07.jpg,ed699296606d8d99,Kit Motor Paste Wax Metallic 60 gr,2336088560
train_59789283,ab1ccf6b4b9e396f7aaaac2dfad1d053.jpg,bb1bc46460f01f1f,Konicare Minyak Telon 125ml / Telon Plus 125ml / Kayu Putih Plus 125ml / Kayu Putih Plus 125ml,2168147177
train_1481880581,13591df414af2f45b20ff61d2fda7d48.jpg,bf76c813d24dc08b,Loose Leaf Garis Big Boss A5 - 50 Lembar,2442811041
train_2529188847,8e27f260e631bdf3776806783ff4246b.jpg,b996966c9239c696,EXTERSHIELD MASK for ADULT (Set of 3),2274307664
train_2129192844,8df8bc50405858438a99064265dfc208.jpg,9b086a2946ab71f7,(TERBARU & TERLENGKAP) Speaker Alquran 30 Juz AN-NUR Bluetooth Chip 16 GB,1553075002
train_3048288001,8be3a2526dfa635241dc9506be0c833f.jpg,ef31c0c6903ec59b,Chil Kid Gold 200gr Madu/Vanilla,4030752903
train_46588275,176941fc1ec3602f26bf4367975f48b4.jpg,a2554daa77b25998,Pertamina Mesran SAE 40 1L 1 liter,2660884517
train_1363946936,640ce27e489c63eaea85844ee413739d.jpg,cedc918391e59639,Sarung ANAK GAJAH MANGGIS JUNIOR Satuan/Grosir,3287944109
train_1521896435,37eea0783e292655054b8972be557e70.jpg,e7b79a9d49846161,The Simplicity Perfect Matte Loose Powder by You Makeups,3182355207
train_377814503,ffb1b1f43e86256cceda23f6d342f845.jpg,f2c4853f934ad931,Madu Sarang Honey Comb Fresh Honey 250 gram,583498879
train_3068003427,721c6a01535edf3e6dc397a25f5d88f5.jpg,9146fa6b89b56383,SOMETHINC Niacinamide + Moisture Beet Serum,2121822798
train_1982962911,440b3db780acba84dcfd49b3f9546548.jpg,e28f967c3041b3d9,Sweaterpolos Basic Size M-XXL (Pria &Wanita),381150737
train_4201202784,7bbc057904178c94e7907d65c8b6dd0b.jpg,9ce7e3189e43e02e,CIVETO PF09 MAP Cactus A4 Stationery File Folder,125084078
train_3298984327,38c298d76d6b528a7e820714ac1c6eef.jpg,ea9103972b872acf,Bola kok badminton perselop 12pcs  bola kok badminton perselop isi 12pc,2966681171
train_3711290862,e998e65f487bd3e5c74db49456dc3763.jpg,aa95ed197662199c,Colorbox kaos wanita Best seller ori,4228329503
train_604544871,706839dce1c8e6d32c1c0ef4a87d17ce.jpg,be726226e13cc13d,Wardah Instaperfect GENIUSTWIST Matic Contour Brow-Brushed 02. DEEP GREY 0.25 g,1175071127
train_3177496709,52740351f0358bf7701c1e43b15ef340.jpg,bfe08e9bc20ec24e,Double Folio Bergaris Sinar Dunia,2478430102
train_1880292915,bad552fbb9f90ea395a56e8bc0735547.jpg,e83281959fced84e,Broco B101-53 Inbow Doos Persegi,2241813300
train_583520152,18c14e5ed6b6bd735b09035500d63b38.jpg,a6ea8939f2149dd1,"Jilbab Voal Motif Premium Masker Instan , Kerudung Premium , Harga Grosir , Voal Motif Part 2",2410084117
train_1640409557,0052b0b2e8233836f2875a14a9808b92.jpg,f4ad43c58e52b932,CHIL KID GOLD VANILA 800GR,1632207687
train_3643255838,22eb6403e793d8cac0c1d473f6b89bc1.jpg,ebd4940bd563623c,"Charger/Casan laptop 19v3.42a Acer Aspire 4732Z, 4736, 4738, 4739, 4740, 4741, 4750, 4752, 4755",1815501716
train_3379387160,d25109d013f695c825c889cfc2b4bc9e.jpg,ed38616f926cc632,BUMBU MASAK BAMBOE BUMBU SOP,4159093852
train_2443498231,1b9c0ccfcc434c8e16580899b2e980eb.jpg,b3d60cd62cd131d9,Miranda Keratin Smoothing Spray 50ml,115650745
train_3802478192,99cd05d5e5b4abc1f96264216975f89d.jpg,8386baba2d4d5e64,\xe3\x80\x8ebl\xe3\x80\x8f Natural Facial Massage Tool Guasha Beauty Jade Roller Face Thin Massager Chic \xe2\x98\x85HOT,1187866411
train_334195089,db6005bcf280aba6cc429d3264adf7b0.jpg,ee956168916a957a,Tenda F3 WiFi Wireless Network Router Extender 300Mbps Easy Setup Repeater,2841123105
train_2284330382,8e8ed7e86be442d8f2298597c36b07a4.jpg,c653993973814e5e,Hada labo / Starter Pack Gokujyun 20gr / Ultimate Whitening Gokujyun,876262420
train_609275021,d4dbd1b71070f54d3dd72cd4633ccfe1.jpg,be8366c30f1c6c93,AZARINE C WHITE EYELUMINATE FIRMING SERUM 15ML,1417510413
train_870167067,203a14f9a81b84e3af08f3d48eabe2a2.jpg,9678e987dc9a9868,kopiah peci miki hat topi hijrah,4280826664
train_3907198954,7daf326ed31670249c6a5c8f2dc2a7da.jpg,bb4a6e6f38cb2828,LOYANG SEKAT UKURAN 20 DAN 24 CM,1886504359
train_3198756821,ffd5c0e8087f6acaabdbdf35de71f626.jpg,bff08087767889c3,Obat Tetes Mata Hewan|Eka Farma|Obat Tetes Hewan| Obat Tetes Mata Kucing/Anjing,1019668446
train_1344105135,596c609e670e8fd1dc2563e3726888ce.jpg,bc3933679333c226,KIT WIPER FLUID 400ml,2423745444
train_1567051025,091333e287b5107ae2b5f176ff5d0144.jpg,a2a5955eb7188f13,Lampu LED Jagung T10 Senja kota sein 5mata 5 titik mata Mobil Motor,3052340347
train_3928134180,400ce1f92ddbb6a863ab29da6936a341.jpg,d553aabc25a1bc4a,TG/ ANTI GORES / TEMPERED GLASS BENING ALL TYPE SAMSUNG / OPPO / VIVO / XIAOMI / IPHONE / REALME C11,731765393
train_2671212181,e9ff9934f6279cd45dbbb0ee3b4bb8cc.jpg,b14bce6533c998c6,CUKA APEL APPEL CIDER VINEGAR TONER & ROSE WATER - Masker Organik Yoqueen Beauty,1848313115
train_1361889535,1b08ddbb4d225c66da2a5cedb3814cf9.jpg,e19696cccc399965,Madu TJ Murni 500gr 1 Botol,2630790066
train_4139904215,1e233aeefbab5dc40cb82bced4a6e10b.jpg,9f309de54885e27a,Sarung bantal sofa 40x40,99699720
train_3315290542,14e8abcbebe162b9b32bc941bbc97d32.jpg,e3959a260f4ea4da,Paket Bio Herbal Ginseng Shampoo & Hair Tonic BPOM,3023899558
train_3138583836,e0f06bf6c0bc3339296136cf79798220.jpg,fe9ba4a9a15e1154,\xef\xbc\x88COD\xef\xbc\x896 Pasang / Set Anting Tusuk Aksen Berlian Imitasi Gaya Boho Retro untuk Fashion Import Wanita,3322338488
train_291079980,77a7ff29bd0457355dc0e9c205ff0179.jpg,d0d2eea9a40e5e55,Sendok Teh STG 50pcs Es krim Puding Besar Ice Cream Jelly Murah Trifinity,3446176643
train_4167607405,1136001a5ba2350ab905ab36c454c476.jpg,ff358285d2cad2c2,Wadimor Sarung Tenun Motif Jacquard Mascot,3925735308
train_3117220328,89ec7fd9a485e253ab4158f23cf01786.jpg,bf6194423867729d,Balon Foil Huruf & Angka 40 cm,3424313238
train_155728408,8ea1a9a37d2552844a30a028342a744c.jpg,e5f99292bd40b945,391 [ B BUKA DEPAN ] Cover Mesin Cuci 1 Tabung Buka Depan Bahan Tebal Kuat dan Awet,3924716875
train_2323306906,5572152db409282cd39412464ab84d9c.jpg,84c2c33d3d83ed3c,Tempat softlens sally yellow dan cony white/Travel case sally yellow dan cony white,3114936592
train_3725246939,76b594fe5882e2e46abc24e8aee370b9.jpg,a4999a86c6e6cd66,Pengharum Mobil Aroma Kopi Bali MINI/ Parfum Kopi Bali MINI Murah HIGH QUALITY ORIGINAL,732573709
train_2711071734,07e130a2369bd30c351a43982d8eae69.jpg,89e1f542325be4e9,Termurah hijab instan anak diamond crepe,1119404634
train_1492465903,6e54bbf4c1e255d199feeb2e2fb652f1.jpg,8545ec275f622b5a,CREAMBATH CULTUSIA 1000GR / 1KG CREAM KRIMBATH CULTUSIA,3348084900
train_1074208700,a01bb048ee24ba9f37bdb17003ea382a.jpg,ea959a266bed8452,(C045) Pengocok Telur Elektrik/ Alat Kocok Unik/ Mixer Mini Elektric Hand,1081804406
train_76338362,9779d9f35ee4d97e79a4d2d9f7108ebc.jpg,9ce7e3189e43e02e,Ennwen PF09 MAP Cactus A4 Stationery File Folder,125084078
train_2384589114,26fc263ea893527fb4f3272a17b71349.jpg,fad08562a53d253d,DNM EYEBROW WITH BRUSH. PENSIL ALIS OTOMATIS DNM,324843646
train_213152841,77a3f38175655fe81c1fdc312df7069c.jpg,820ebfacf84be350,Balon Huruf & Angka Foil Biru 40cm,1627524293
train_1951068964,3c6d0c3cdfb1eb96f6305bebdd930c92.jpg,ea659502ea7d2596,MASKER SAFFRON HEYGURL,986838970
train_1331043142,8349b86d24cc90e43fd2690de8974193.jpg,dba505a77447d832,ST.IVES GLOWING APRICOT SHEET MASK / MASKER WAJAH,2558401176
train_1414450464,411b8840fe9c745ab1116aa88cd8a9a6.jpg,b5c1c33eca2d9266,KBJ - ANHA SET -  NEW - Gamis Anha Set Maxi STELAN MUSLIM WANITA TERLARIS,3224850644
train_1207972134,70c961543e43790f9e0b1762b114c963.jpg,b3bb8c44d45a931b,Koin 1 Dirham Logam Mulia LM ANTAM 2.975 Gram AG Perak Argentum 99.5%,3014041297
train_3742101210,e81c4c37935faa6c31a2ff62b9cb8d1b.jpg,b3ce9899cc38cc33,WARDAH SEAWEED PRIMARY SKIN HYDRATING BOOSTER,3820915938
train_1952293796,1efcb7c507558f36d9f283221524ceb5.jpg,b02ec3c3696d3734,BROCO B101 Inbow Doos,2241813300
train_1819066328,fc61f3cafc576a6597f6db7d81cfe149.jpg,df938e26268932cd,VIGEL Lubricant gel Pelumas Wanita 60gr,3458180255
train_3508339043,f19defb38b6dae31abdfa1e063d99544.jpg,9be4cc43a2a1c57b,Topi masker original topi ninja kupluk fleece multifungsi,232333234
train_2685594274,38c70a48ac1706b01c9806d3d2a5a757.jpg,e5e19a1cc1166be5,My taste Saus blackpepper 500 gram,1163728238
train_2182605696,70185275ef6614e782925ba90a42e00a.jpg,be8d1df0f0d0815b,Stand Hp Meja - Stand Holder Hp L7 Universal Multifungsi,1061022174
train_2519291466,33858e08f173ace6f91a730d9d9c28b1.jpg,e6919a49d9cd9e88,SAHARA SHAWL | PASHMINA KAOS RAYON POLOS,338163236
train_209819192,a078c53e42e6158aa7ba674f3c93b34d.jpg,bb97f703e818981c,Tas Wanita Import Jinjing Dan Selempang CHIBAO Mini CB7138 7138 Bordir Bahan Parasut - DS011,1996577230
train_1175865161,413c2f22a908672fd809d7ab86b05e49.jpg,bbe50c13d02bd34d,Souvenir Pernikahan Sodet / Polesan / Solet / Spatula Cabe Kemas Plastik + Gratis Kartu Ucapan,4263247011
train_1359105134,e8a2e11911c7233e6e218eccd89c8aa0.jpg,8b39e0c4c7721d1f,CELENGAN ATM PAW PATROL/ LITTLE PHONY/ HELLO KITTY/ POLI  WITH MONEY,3688346948
train_4179871082,34c559c58162fbb412e1575510502ccc.jpg,bce5c11ab3e46c19,Momogi Jagung Bakar/Keju/Coklat (8gr x 20pcs),3565319599
train_121077738,12b919994b5020fc69d52b971d1c6a0e.jpg,ec4e9191931d1e6e,READY! Lemona Gyeol Collagen / korea nano collagen from fish + vitamin c,1710630792
train_806985876,23bd1843974b78c52a2256829fb650b7.jpg,ebc93434936cd592,Buku TES IQ Melatih Kecerdasan Anak,191088936
train_986859349,214e43b8acf809c2f725125de68cd874.jpg,bb9db23a15612e32,FitMee / Fit Mee Mie Instan Konyaku / Mie Shirataki,1273665242
train_1791615819,332b00c1a7a33bcef1c2388d18597751.jpg,a3979c49e178f243,Sendok Puding 50pcs Per Pack Sendok Eskrim Besar Teh STG Plastik Murah,3446176643
train_819554592,aff34d9ce5881420af880d378821a488.jpg,ba85c55a817a3bc5,Tasbih Digital LED Finger Counter,3793406295
train_525084091,a121ca3f1211b12bd63ea55f21d1b554.jpg,ea959a246bed8c52,Mini mixer electric elektrik cofee maker telur kopi minuman susu milk,1081804406
train_2691155086,2d6efcc5e304e8d8bc660e8cc6e3672f.jpg,f3a44fa05aac7323,DANCOW 1+/3+ 1000GR MADU,162033517
train_466501335,98293870e773bd5a58554e133e9cac19.jpg,e8fbe9409f00b0f6,Pulpen kunci / pulpen karakter / pulpen lucu / pulpen murmer / pulpen cantik / bolpoin / pen,3715213560
train_3013111088,d9fbb4392ecaa8b36671581d7f6f32d5.jpg,ebc3626963963296,KAFTAN POLOS,1712807720
train_1680443868,81e1e8baef42e6301e8508929cadb168.jpg,e5b01be6865a819f,BUFF MASKER MULUT BANDANA MULTIFUNGSI PENUTUP MUKA MOTOR IMPORT BUFF MOTOR PENUTUP MULUT MULTIFUNGSI,1892041516
train_3814673366,3bdc3ad04105494095c7ddbca6567b0f.jpg,e7dc99a7d820b464,Redmi Note 9 Pro 6GB+64GB 8GB+128GB,3141662799
train_4147023175,75bd5d9577f14b05cfaf915f19402138.jpg,8ece33058b939e35,TERLARIS Mukena Bali Alusa Tiedye Amna Size Jumbo Dewasa Bahan Rayon Janger Adem Full Handmade,4141416718
train_2359866920,2c9f259e5226c6f80e6942bec94c5293.jpg,eb96819c69e332e2,Safi White Expert Oil Control & Anti Acne 2in1 Cleanser & Toner 150ml | Acne Facial Cleanser | Cream,84839135
train_2685397252,a8e8498e05c8e7357615422b361f37f2.jpg,a4e1cdb8c712b678,[COD] 2-4cm+ Dengan Grow Up USA Original 100%,2702558218
train_4059071300,eb19c3d635e5b74c6f76d61742460273.jpg,e2d9ab5e48a69a89,RK - Sepatu Sneakers Sport Korea 2020 ( JINTU ),2284020704
train_3395748191,6692b90ed7f593e982e6f9dd3d1f5700.jpg,b24ccf30cf30b3cc,PROMO 11.11 Bajakah Kalimantan Asli - Garansi Uang Kembali - Obat Herbal,3497969901
train_3213719487,0f088e7ec62d350d608c717e5f921509.jpg,b62dc8a172ccb2cd,Vaseline Men Face Scrub Anti Dullness 100G,1716658403
train_2629261169,f9708560603e42c8060a934c4872bd56.jpg,feaad1b491d488c3,Bolt Tuna 20 Kg / Makanan Kucing 20Kg / Donat / Ikan,631880435
train_3850571861,289f998c1d020021ccfd15c9319ef339.jpg,fa858578897235cb,Kain Lap Tangan Lap Rumah Tangga Lap Piring Meja Lap Serbaguna Serap Air Bahan Coral Fleece Bertali,3414903389
train_2444838618,f58d9a0368657450a2eedb09e317bbdc.jpg,d7ad0da77407d814,St. Ives Glowing Sheet Mask Apricot,2558401176
train_3815976572,4ed0010bc0433a0bb441ee63f6e7ce6b.jpg,c1a02dcb36bcabe2,Panmomo White Gel Ink Pen,695973918
train_1646609516,370feb802002fbab242b24a6f73f52bf.jpg,bc6661cc6699666c,dancow 1+ madu 1000gr,162033517
train_368551487,98b8bc797bb46e01462292c164770118.jpg,e34dd2f20686bce4,Fa Holder Botol Minum Bahan Plastik untuk Sepeda Gunung,3427592570
train_4232622183,c307faecd8abb5e1511dba32910ee85e.jpg,d699cdc69c386163,Lakme Make Up Lipstik Cream Liquid Matte Scarlet Classic Matte Lip Cream,2497751413
train_694790927,d23c26182ecb603f7c7327d1cb031ebd.jpg,bce045ca9735d0ad,TOPI BASEBALL POLOS / TOPI POLOS / polocap polos,3236159568
train_143310543,d771dbe89ecd6fb6dfb4aa218ea14974.jpg,db6aa6a7e9c1ad00,Aisyah khimar non pad/2 layer ceruty nonpad,1366460521
train_2063821885,add10263c12ac1035869f577822844a6.jpg,bfd824c63b623887,MILOCUBE ISI 100 MURAH free bubble warp,2633237860
train_3916270718,9408b384ab05152caf53b3ba7c2bc7c7.jpg,96dc25e05e663d8a,GLOW 1 ( CREAM MALAM ) THERASKIN,1146205648
train_1479300847,c697b60b38c4a7bd1934860e63b6a669.jpg,ef89492e853169cb,"[FISHER] 120cm keranjang mandi bola 1,2m | keranjang bola basket| pop out pool termurah ko",890612805
train_3485013261,366e7d724fdf2f522bfb15fd03a7ae62.jpg,cb43f249499696b6,KAFTAN SYAHADA MUTIARA DRESS MOSCREPE PREMIUM,507648310
train_1447192932,456da605a4d11f23d06e394fa599dab7.jpg,e69a99cc9933cc26,SKIN1004 Madagascar Centella Ampoule 100ml,2011865666
train_241434038,ce67e530c4ae12496b22c3611a3c50ea.jpg,ff65d02ec414cb86,Ladiesstyle Best Seller Restock !! Tas Batam Tas Import Tas Fashion T7C8 Kondangan Tasbatam Original,1690212844
train_1127938265,70110db5d73a0e1c355ce1254f1f0613.jpg,fac985d2c60ed625,3in1 baju tidur wanita/piyam 3in1,15978237
train_3785123351,8ab8fe37a9ca9cc808e43fb54538ba7c.jpg,b912ce3c9261c7c7,\xf0\x9f\x87\xb0\xf0\x9f\x87\xb7 Gyeol 2 Nano Collagen Powder + Vitamin C Lemona,1710630792
train_2373862435,038cf1d2ffaa2bdfec0802f21bfb9819.jpg,b199968b38928e6f,Masker scuba logo SD SMP SMA,3114991641
train_857748877,58f21d219af23f4b11a2a044135f91fd.jpg,b91cc687c639958e,Pisau Dapur Kupas Buah Dan Sayuran / Pisau Kupas Sayuran / Pisau Dapur Serbaguna Anti Karat Terlaris,3579317345
train_2893314916,241fa28ab67fe4f65c47a3ec060f8e5c.jpg,f39c87539c62b066,dompet wanita import mini F6 real pict C5,2320051494
train_2831528845,6ed78a8e6db3cbf5f4abdf6767da5fd1.jpg,eacf8f3023cb0c8b,THERASKIN SUNCARE FOR OILY MILD,3029731058
train_1153365541,42af49b3a9a91e3c8abc0419f981d6e4.jpg,ec64c6929aa39b99,timbangan gantung mini 10kg FRT body besi,2418901795
train_741927956,cd645072eb2e4d857cc5b8f51add4c59.jpg,9753eb90e828acc7,Sarung Tangan Plastik Tebukuro Bahan HDPE Tebal Food Grade,3623283026
train_3862322666,81bc5de39116db1a46e693673df6e02a.jpg,ed07960f960f0d39,Cutter Blade Refill Isi Pisau Pemotong Joyko A-100 1 Tube 5 Pcs,1644754067
train_3680666270,652620950d5497570cfa47d27163e353.jpg,d5f416e115a13ae3,Dettol Sabun Mandi Cair Anti Bakteri Fresh 625 gr Pump,590283276
train_1882915141,38b547a31330d60c80a46e443826e52c.jpg,fa7ebe3a482271c0,JAM TANGAN MURAH CEWEK JAM TANGAN SILICONE QUARTZ ANALOG MOTIF KARTUN HELLO KITTY WARNA PERMEN A07,1070755869
train_3281040022,ff6cb15aabd7d168c2ae06c98208de83.jpg,f12a4e3853c63a79,Boya BY-M1 3.5 Mm Lavalier Microphone,811765912
train_4038848623,fa38a0820cf8d2abc422e3086a324a1f.jpg,b9ce3198c691c6b3,Buku Mommyclopedia:Panduan Lengkap Merawat Batita 1-3 Tahun. Dr.Meta H,2203660548
train_2613418854,020c006d89965fda3ede250f08295776.jpg,ea71c1c69538959b,Morinaga Chil Kid Gold 800gr Vanilla,1632207687
train_4250692410,8d02c17aa698d1da6a2a55387944c452.jpg,dc5cc3e1b2a3c14b,[PROMO] Emina Ms Pimple Acne Solution Spot Gel 15ml,3663761117
train_2305477593,3971a4209de150fe33b44387d588edb4.jpg,ae85d168a81bd7a5,"SEPATU BOLA ANAK & BABY PAKET KOMPLIT Tersedia Mulai Size 28,29,30,31,32,33,34,35,36,37 1 KG MUAT 2",201919422
train_415713536,deeb7c67834302b9b729943aab6bb3a7.jpg,bf76c093d24dc08b,Loose Leaf Garis Big Boss A5 - 50 Lembar,2442811041
train_1199442679,8882a2d94f6894d07690484a07c22a43.jpg,de812255b7a78e4a,LAZEL GLUTA PURE 2IN1 BY SKINEST - Gluta lazel pemutih kulit tubuh ampuh,467475402
train_4279868312,1d7374970c5919b1b44a3662ddfa27a3.jpg,ae91c47b9928336d,MILO ENERGY CUBE 100,2633237860
train_582535095,107b40900ca8598faecb1ab8b8287706.jpg,f4528c38a3a5bae5,Mini Spring Keychain Hanging Buckle Quickly Key Ring Carabiner Tali,2954113937
train_2496970001,224420cd71adc3353e09482be80a749f.jpg,e68a945db04727bc,TopOne88 Jaket Sweater Basic Polos Pria Wanita Unisex,381150737
train_2621630688,cf4e72156277b34c75a16498888f77c3.jpg,f7a48859a5a45ad9,ASHITAKI MIE INSTAN ASHITABA SHIRATAKI MIE DIET,1273665242
train_930513339,20947b13ffbc3f0f1aa218ae035715e9.jpg,f22f53a9c132c9c9,"b""Pond'S Men Energy Charge Face Wash 50G""",804128688
train_2557383584,6198d496b38c9d3b9aab76869aab33aa.jpg,ba87e5bc0271870f,GELYA KAFTAN with BEADS ( PROMOOO ),1712807720
train_1692102743,73e847ebdc5835e1c430830fa8ddd69d.jpg,ebc495919533d133,\xe2\x99\xbb\xef\xb8\x8f Timbangan Badan digital berat Mini Timbangan berat 180kg Isi daya USB,3527526514
train_4290033067,c9dc272432b05dbed488d8d5c18595db.jpg,9b927c318ec6a5a5,Setelan anak perempuan GSK kulot 4-7 tahun,3156823611
train_3759582233,52ff2a2d3015c6b7dc5f0d7451613082.jpg,df7290cda2a85ba2,Big Babol 105gr isi 40 butir 140Gr Straw/Asteroid/Aneka buah,512931898
train_3908607237,1c34abfbcd65742297c3b52be0e39019.jpg,b2b15be6cc19b14c,650Ml Follow Me Followme Green Tea Shampoo Conditioner Rontok Asiku Banyak Asikubanyak,1151643989
train_939021212,e85ca9fdd4ef490e089c33c923a73a98.jpg,ea93956ad38d92c2,Obat Salep Bally 10g Jamur Luka Kucing Anjing Non Scabies Derma 10 g,2148785518
train_3653157196,407e7058e1ada1a475857a98e92022dd.jpg,80e5af8b929dd61c,Kintakun Sprei Extra Single 120 Albany Dluxe Microfiber Putih (3in1) 20 cm,2235227223
train_2552461887,f68d37697eacee4fb1b2044005ddd299.jpg,ea849e726ccc6297,THERASKIN SUNCARE KN,3029731058
train_395051171,3f5cf86f8c2a411fdae959cc4ee9ad32.jpg,be0cd9390d669933,"[Beli 2 Free Spatula, 5 Free Pouch] Toner Cuka Apel By Yoqueen Beauty x  Yoqueen Derma",1848313115
train_1285184014,f7d7958045ee9fe44ba35867ae855673.jpg,e6669999cccc6623,Emina Ms Pimple Spot Gel,3663761117
train_513793522,ecb15a04417385c5239a29a6f12e552b.jpg,fa9275e94b9544c2,GROSIR 1 Lusin CD CELANA DALAM WANITA ESSE,2131121318
train_1475934100,9c0a325bb2945f6d84fd6650d20cb2b6.jpg,aed0956b803fc8d5,Vigel Lubricating Gel Kecil 30gram,3458180255
train_4275131418,59ab5136cfefe4727de19e0aa3da67db.jpg,b887c792933a0f2d,Xiaomi REDMI 7 2GB/16GB TAM,535166809
train_3151789779,a7ae33010565baae9e44d77e4b795b05.jpg,afd8e4818a2f16f4,Case Casing HP Waterproof Tas Handphone anti air Gojek Grab UNIVERSAL,3432029652
train_2881579783,400f02779302a3581492bc2237f37aed.jpg,b2cc9b934c3931c7,Colorbox Be Different v-neck t-shirt I:Tskkey120D316 Black,4228329503
train_1159865659,6095b9cbadb03936bedcb0c6fe1f4e18.jpg,fe83398674c878ca,Humidifier Deerma F600 5L Air Touch Screen Version Ultrasonic,1465718614
train_4217087739,4c8dc5e0d8b7a0058cd14cb370751067.jpg,e992c5699e61964b,TAS SOPHIE MARTIN VEVA SLING T5888Y1 IMPORT KULIT PREMIUM DISKON MEMBER NOV19 1111,48664808
train_1288407846,3ad8f3b74a6344ff09f00990efa92a0b.jpg,c5d58eda217d078a,Popok clodi | Popok Kain Bayi Clodi Berkancing Qianqunui,1333379942
train_3911871182,19220beda9be73c8e74f51a4c2ba3db2.jpg,b6a69d3189c9c1cb,lucas papaw 25 gr original,3198647539
train_2585349219,7565c95f1247afa1906e7822c227a6c6.jpg,9895fe228813de67,Balon Foil/Balon Huruf Warna Gold Silver Biru Pink,3424313238
train_1444445591,815330e334e521b3b2d287e511fc529f.jpg,e5399e8e9a65c921,Kit Wiper Fluid Pouch 400 ml,2423745444
train_1256098072,9d302900c1df26560751a53baa29f1b2.jpg,d18516d647d94aec,Xiaomi Redmi Note 9 Pro 8GB+128GB Snapdragon720G 5020mAh,3141662799
train_3328914104,41ee619ae16c41eb3ba57beec3e8fe29.jpg,b2c9d9333e34cd30,Kemben Sorex Panjang Polos 2919,1779671211
train_317776219,96b38ce8021e9f9a10b9273d573bd0c1.jpg,ece6c75b93303849,BABYSAFE Soft Spout Training Cup | Baby Cup,3854289318
train_738328440,2f7f442535da790693927be24f73e8c5.jpg,a65a1d9c2da5bc1a,Dettol Bodywash Fresh Citrus Pump 625 ml,590283276
train_492429994,fdfb87952bd61dbd12dd128e757de213.jpg,eea07bc4cad98e48,Mask 3in1 OMG Slayer balaclava,2882118033
train_1735375440,86733142f8122ffa17ceac28f9064544.jpg,8a2bf533f4f490c4,"Tempered Glass Anti Spy iPhone 4, 5, 6, 6Plus 6S Plus+, 7, 7Plus, X Anti Gores Kaca Privacy Gelap",2655052764
train_3846594160,8189acdfce3a275b02d3c76de9215afd.jpg,d4c13f42d13fc03d,Prima protect plus,2765097838
train_2598346749,a36ce727b3197465a9c0f7b152ccaa08.jpg,bac2c515853f9837,Orphee tx620 30inci Senar Gitar Akustik Hexagonal 8% Nikel Extra Light 6 Pcs / Set,257887417
train_1789525304,5179d8fa0d8e5861f22fc86e92dc74bd.jpg,9ba5e41a8571719e,3pcs Kotak Wadah Bahan Silikon Gambar Kartun Monster Kecil untuk Airpods,1409501909
train_704108404,8d5931a067963d73c78b2d077e81333a.jpg,bb3cc2c18d67906e,kain biru serat micro fiber serbaguna 30 x 30cm microfiber cloth,716945248
train_3096828867,ee13fc318a370a2796eeadb82ebf0974.jpg,ceb3b9a69b19414c,Masker kain 3ply Premium Extershield Terry Palmer isi 3 pcs,2274307664
train_389511343,45f36c10c224bd02eed119df48cd8292.jpg,be63e1c3c0c5d0f8,Neutrogena Hydro Boost Moisturiser Water Gel 50 gr,576861546
train_3442637537,e3a902cafc76b635bf08d844c39530c7.jpg,9b815ee2ee49a2a9,DASTER ARAB ELMYRA | RESLETING BUSUI | RAYON SUPER ORI,3423223258
train_3456869600,9ab28ca27766884b6843d4f9272dd94c.jpg,fec7ce54229461cc,Carabiner Mini Buckle Karabiner Gantungan Kunci Perlengkapan Outdoor Camping Gunung,2954113937
train_2003445332,6a63c21eac13f72bfeb9e0b77974f82c.jpg,b8cfa6bb4c30870e,Timbangan gantung jarum 10kg plat / Timbangan Gantung Manual 10kg 10 kg,2418901795
train_813352872,0d537596226ee959128c50a16fde45d9.jpg,ed92966db03c8996,Handuk Bayi Anak Little Palmerhaus bamboo - BAM & BOO Premium Baby Towel,3496576043
train_599753440,5dbedf004def7843697a74d19795275e.jpg,834ec92b7e33e8e0,Storage Box Case Organizer 24 Sekat Kotak Penyimpanan Serbaguna - Perhiasan Manik-Manik / Mainan dll,342597810
train_3730523616,4cf5a284edf52c3c220e4bc75abf56a9.jpg,b02ccf93cb22c9cb,Ponds Men Energy Charge Facial Wash 50 g,804128688
train_151114486,801f4d1be357a9f2ebc3777e768332c4.jpg,8d1262b3729ce7d4,Xiaomi DEERMA F600 Air Humidifier 5L touch screen/timer,1465718614
train_3792018557,0c975829058104318275d7ae6d9e07db.jpg,f67449073c48cde3,Lampu LED Jagung T10 Senja Kota Sein 5mata 5 Titik Mata Mobil Motor,3052340347
train_3157636150,6cf7044cf217db4ad117a346b94ee0dc.jpg,fab94686847ac1c7,Helm Bogo Retro + Google Mask,3012923871
train_2509924441,f65870c537266304a6d3711d5eea479e.jpg,ebb4c0c9b668b44b,Kacamata minus oval tangkai besi SPH 5001,990609101
train_1092857763,4e6df493474086375b8d14f217431e51.jpg,9f1ec2c3f42dc321,Keranjang Mandi Bola (Hanya Keranjangnya),890612805
train_4135403271,271b06eadd16fbeb0ff8d5e6cf4be264.jpg,e673981f3b60c89c,EM4 MIKRO ORGANISME PERTANIAN PUPUK ORGANIK CAIR TANAMAN 1 LITER,1280208830
train_3444022543,bd0b2e53827e472c76c04be228ab089f.jpg,ce93b052dcac934d,PIYAMA 3IN1 EMBOS FIT XL . XXL / PANJAMAS 3 IN 1 CP,15978237
train_1718777957,4456237c773e7fac4ce5a0fe79e7b999.jpg,b3398cc6ccf4c5c4,{ BAYAR DI TEMPAT } Pisau Dapur Kupas Buah Dan Sayur / Pisau Dapur Serbaguna Anti Karat / Pisau Mini,3579317345
train_4061914139,124a57b9866260cbb06f4b8ba1c4c4c6.jpg,b7b4856b1bc11a99,Alat Pemanggang,3893786536
train_441026089,f77bb054606585338b954e193b93b56c.jpg,bb4a6e6f38cb2828,Loyang sekat brownies BERGARANSI,1886504359
train_924467621,deb80330b925161fc59d78a13fcee3bd.jpg,ad5a95a593d8c0d6,"[GOSEND] Amplop Coklat Ukuran Folio WPS ( 23,5 x 34,5 cm )",158855858
train_4182402947,052f210d451349a3b12df2a887d51563.jpg,ba4e91e1cf306c5a,V BELT VANBELT SET ROLLER MERK ASPIRA KODE 5TL MURAH UNTUK MIO LAMA MIO SOUL MIO SPORTY MIO NOUVO,1397230201
train_4172573498,80af305c793b1d536b2340072df6f858.jpg,fac48d3f94698994,MERRIES good skin L30,1093008820
train_1283623292,8dfc849f81f927b97f6fc63523a9e103.jpg,b3cecc99cc30cc33,Wardah Seaweed Primary Skin Hydrating Booster 100ml,3820915938
train_1165333101,eebc4a0b5bcc9d83eca0625d1be5b774.jpg,bc3a47c363189e2d,[COD] BATOK ADAPTOR KEPALA CASAN 3 LUBANG,3385067873
train_3848430185,db3764012d8da0a5dd07027660764509.jpg,b6cc6922648fdb0e,Max Tea Lemon Tea BAG 30 Pcs,777055482
train_1082428822,67fdbf20441692f7e093ea60239e9064.jpg,e1290a3b656d9ed2,"(COD) Obat Herbal Asam Lambung, Gerd, Maag Madu Magastrol Forte Terbukti Ampuh - Beli 2 Dapat 3",2684150012
train_1061185057,96f8f0fee24701513e54bbbed720f2df.jpg,e162ce8ea43593d9,[BPOM] MEDIHEAL  H.D.P Pore-Stamping Black Mask EX,4044229306
train_1923225006,30c3bc5eca44c5313f7e5b69c57ddbca.jpg,d35363af8aa2a907,&&Natural Facial Massage Tool Guasha Beauty Jade Roller Face Thin Massager Chic,1187866411
train_4113208928,a72eb0f05909d22840730c8079ee3129.jpg,eb92844ab36db06d,MOZY OXY SWEATER RAJUT WANITA | RAJUT TEBAL,4069659242
train_2813655033,cdc2638882efd8626f2fc50b8fb453ae.jpg,bb068539f4f4cc61,Headset Bluetooth Sport S6 Wireless v4.2 | SAMSUNG | MI | ASUS | OPPO,3021321489
train_3714515206,2512d778b455624fe21bf9528677668e.jpg,ebe13362c91f948c,Pepsodent Action 123 Pasta Gigi Charcoal 160 gr - Pasta Gigi Charcoal Pasta Gigi Action Toothpaste,3500184040
train_4208052601,6820d6e1ff3dca81c7b982608f327509.jpg,863cdb43a9532e27,Mangkok Masker Set 4 in 1 Korean DIY MAKEUP MASK BOWL mangkuk masker,3211565621
train_2760574660,3b1f007c9ff29f1b0a7974855d2825fa.jpg,fb91dd33812f28a4,2 pcs membran tahan air tahan hujan film anti-kabut cermin kaca spion mobil film,3583466797
train_3597470302,10dcbc6d8bff7ccccd049364d1ca4db8.jpg,eec8c0cdcf829596,Natur Hair Tonic Aloe Vera 90ml,122550860
train_1488209918,ff33dba5a3a35d1aec0cfe2eb247e631.jpg,ef249c5ab513924b,ROBOT RT-CH01 Rotation 360 Degree Holder HP Mobil Android/iPhone - Garansi Resmi 1 Tahun,2397683114
train_463563905,2e4723aa21f775b3de9ee5d5635d8af0.jpg,d2c85aa6d836d23d,Citra Body Wash Sabun Mandi Cair Refill Natural White 400 ml,3868704829
train_1683604570,d66fd2c530299005067f54a217a2921f.jpg,9a60e69d89e9f81c,lucas papaw 25 gr original,3198647539
train_1748171701,3f9933d396722fd7b12252cbd84031ef.jpg,c8f4d8f274c0cbe8,ROBOT RT-CH01 Car Holder Rotation 360 Degree Android / Iphone - Garansi Resmi ROBOT,2397683114
train_3517144629,0b61b0a426dbff735914ff0c9ee5e13a.jpg,be816a9cc56b816b,stand holder handphone.phone holder stand HP meja,1061022174
train_1100138097,fa058793e39346e42e28d40bd4d1ccb6.jpg,e3e44c6464ab55ae,YURA CARDI LONG // LONG CARDI WOLFIS,2666707289
train_948915039,4a8fb7af014cb095e87476a148f75198.jpg,ed92d36d16d32984,Batok Charger Adapter 3 Usb 3.1A Universal,3385067873
train_1920308251,7ef1837d90f0a9e5ec9573a605dc8737.jpg,8d5b2cdab509760d,PROMO !!! YURA LONG CARDI PREMIUM / LONG OUTER,2666707289
train_3017064859,bd372e660ab97b7737977902e48b439a.jpg,b3248d9b8c9be4e4,Benton Fermentation Eye Cream,3328069909
train_2122087002,4c17b989aecf0554f113bdb9da2d34a6.jpg,dab807a7a14eb2d1,Helm Google Mask Murah,3012923871
train_4241991623,b5fc1d62ff0ee865a6c82cf3bcb87939.jpg,f986869386798679,Handgrip Grip Gas Motor DOMINO Italy Racing Sporty Murah UNIVERSAL,2271414143
train_946463608,ce035c6e363cbc3199f2f1d8a36ccd94.jpg,b8e7c710e11e60ed,COD PAKET KOMPLIT SEPATU BOLA ANAK NIK CR7 TERBARU SIZE 33-37/SOL KUAT NYAMAN DI KAKI/KADO ANAK,201919422
train_3005706203,f1bd21798ef409957ffd5876c455f33a.jpg,fe122f1f74519681,Nota Live Baju Anak Branded,2375669168
train_1698683055,2792906377bfcbed7d9986ba7935a212.jpg,8ee1f11f000f6fe4,MAUMUKOSMETIK - Hanasui Naturgo Lightening Peel Off Face Mask Masker hitam Komedo BPOM Ready,2430246747
train_280888942,bd8d17fcd608f61a311faa67e96d20f8.jpg,b366c632ccd99998,KONICARE TELON PLUS 125ML,2168147177
train_3864352321,c88bf2b4f04ca4d2a57619a583041c13.jpg,969ef921bd08b929,Silvia maxy kids ( anak tanggung),1395102007
train_2978773193,5097b332c0bf0397396c65b1d8cedf8d.jpg,9ca5a01fe67075ca,Co live baju anak branded,2375669168
train_1804389533,140ac250982a7de5171565d90530f782.jpg,d3f82d6713083477,KEPALA LAS - GAS TORCH OC-8808D,1714128186
train_1488342830,8143ae0b71503d019acf00e59a52fe44.jpg,f98686d386798678,Handgrip Domino Universal Original Italy Soft,2271414143
train_1138524194,cabd33cfe8c3535f56d07402047da6f9.jpg,abd0972fd00f7831,Promo Dompet Wanita Lucu Elegan Bahan Taiga Ukuran 10x12 Warna Ungu Tosca Biru Hitam Fanta Murah,3766516310
train_679137689,6affabd5f9eea2af0d37ce5d02b51788.jpg,afd2d0a5d02f85d2,Pashmina Kaos / Pashmina Kaos Polos / Jersey Shawl / Pashmina Kaos Premium / Pashmina Jersey,338163236
train_1066728976,d6ad11502d025de25263853e33b58505.jpg,9944cd339b314df4,(ECERAN) BALON HURUF ANGKA Foil 40cm Emas Silver Pink Biru Dekorasi Ulang Tahun Natal Christmas,1627524293
train_1729570806,2d7480d75bb354bf29f7510720e18933.jpg,b293cdcf0ec2703a,The Simplicity Perfect Matte Loose Powder by You Makeups,3182355207
train_4265417650,41ef5574dbf8587112b672d3d39f2d6b.jpg,fe3290eb89c48f0e,TEMPERED GLASS ANTI SPY PRIVACY IPHONE 6/6s/6+/6s+/7/7+/8/8+/X/XR/XS/XS MAX/11/11 PRO/11 PRO MAX,2655052764
train_2268565855,ed217e0d825fa07942794c84fd08d48b.jpg,8787e58f38336c19,GENTLE FACIAL WASH OATMILK HARLETTE,4185794721
train_2172730290,f63c998872e8d1847dde4795890e9f8d.jpg,a7b9b41e7a84d80e,[Follow My Shop] Cartoon Rabbit Gaming Earphones With Mic Wired 3.5mm In-ear Noise Cancelling Bass Stereo Hifi,1576131659
train_3108207374,797db2034ae90524ed20ee15f03763d7.jpg,b984f39ce6611f82,Acne mask 30gr,1722311799
train_3534961250,1319df13cb1021f8bdfb0c24efb5ab0b.jpg,dbb68418b54b52b5,FA86 FOCALLURE Velvet Liquid Lipstik tahan air tahan lama 9 warna lipstik Matt lip stick,1646052977
train_3271827152,3e74e4afd5fc97456e1f432f28d710eb.jpg,eb4a90b52dc8724f,Maspion pastela teflon Set milk pan 14 cm frypan 20 cm  / wajan panci teflon anti lengket,1937048978
train_2771220322,1b73cf58283f98d8f902d1f1174729f9.jpg,9fd1a0a78ea6858e,COUPLE ARON 4WARNA,678236612
train_3153795665,af1431c9e13fd91affb5bdcd8ad62c5a.jpg,e689999499462f7c,akar bajakah asli original,3497969901
train_1142563685,93b5250dcea06611db9db95c2a982151.jpg,aa8fc7628b07958d,Adaptor Kepala Batok Charger BASEUS BX02 24W Fast Quick Charging 3.0,2204481244
train_493467157,3e0000302ecbc27de2546ade35e3a053.jpg,dd7643abe9140275,TERBARU KHIMAR JUMBO AISYAH 2 LAYER NO PAD CERUTY PINGUIN,1366460521
train_3109932124,2e9c8ab0891b87a72c5f0149599cb0d8.jpg,9ea4e1189d0b3ee6,"330ml Botol Toples Beling Jar ( kaca ) : Bulat & Silinder,  penutup SENG",1363821107
train_2161255560,b74197444e7a1818451fa9775c53d5e2.jpg,e2011952fbe46eda,Miniso Official We Bare Bears-Hair drying Towel/handuk Pengering Rambut/Dry hair cap,1683190239
train_4249481052,1c43edb71e4e30bc37d08f09fd61e4f7.jpg,f2d8d872cc70278d,Klairs Supple Preparation Unscented Toner 180ml,1508153255
train_1995851245,f9eb2c49c869488f1943abe844b64744.jpg,df8ce10b2e4a2baa,Slip On Wanita Kirania SDS263 Putih,2590432328
train_1742471045,c61b80072c7756c63f07b65d31c33edc.jpg,e5ae9a839a61649e,BANTAL SILIKON ANDES n ZARA AISYAH MURAH MERIAH N KWALITAS OKE  BANGET.(HARGA  PERPCS),459746904
train_1690308312,5e13b44d7b77657bc1bffbf2521a958e.jpg,ecc79692999b6622,Oli Pelumas Mesin Pertamina Mesran SAE 40 SE/CC 1 Liter Original,2660884517
train_82702319,52a1602f6e7309ae0e00c2b11e5eaa92.jpg,facbc534943cd892,Senar GITAR AKUSTIK string tx620 tx630 tx640 IMPORT TERMURAH,257887417
train_1100814948,1aa471afb635112878e8d5973e75698f.jpg,cfa2334cb2d5c2b4,mainan bayi edukasi shaking bell dan toy teether dengan bahan silikon dan plastik aman,712591436
train_1947104125,57e11c00c1cdbd2ccaeb65f040d515ed.jpg,bbc6cc1d187c941b,DapurCantik Alat Cuci Beras Buah dan Sayuran Wadah Cuci Beras-BRS,3794541920
train_1238137512,5ed9cba0270fee5252882c56344d4ab7.jpg,acf0d11f4a6516f2,Speaker Quran Kazia - Spiker Murottal Al Quran Terlengkap Memory 16GB,1553075002
train_1198030499,d26573103bde77e9c17f21bfd519bb82.jpg,eb62951dccd20b4b,Momogi Stick Roll 20pcs x 8gr,3565319599
train_633879904,0fb2f90c904c45edf8e92685822937bf.jpg,ecd9932431b36699,Kenmaster Kent Microfiber Cloth / Lap Serbaguna PK-30 3 Pcs,1262636282
train_521084183,07b102b6ef74cdaaadb3c49ebc50ab09.jpg,e896df37964820dc,Hm pw A1 rak kamar mandi persegi panjang multifungsi 1 pcs,3950258671
train_3528631510,9224414fb320e53cbbdb6f72c4a634e4.jpg,b493c3cdcc346633,Tresno Joyo Madu TJ Murni / Super 500gr,2630790066
train_2579605758,357355dbd8ec1138ea70039edd89193d.jpg,e4b08fcb9dc6928c,"Stellahoppie, Stelan kid Nakia, stelan anak laki-laki",3285910310
train_2970408592,912898e51e899f0fa52eef266030a6dd.jpg,fa9da726916ac948,Eyeliner Cair Warna Hitam Tahan Lama,4218699672
train_1085922914,04325d767af190517379650dacd02493.jpg,89e1f542325be4e9,Bergo anak 0-3 tahun / jilbab bayi premium,1119404634
train_3351078479,1c40c0632bff2695fab86c39205860f0.jpg,b9cec6291a34c967,CARDI BUTTON CROP RAJUT,3729785503
train_1861401229,b7dfc80ed6d791dcefb1c87f6daa6fbd.jpg,eea07bc4cad98e48,Masker Polar 3in1 OMG Mask Balaclava Slayer Baff,2882118033
train_1462471628,a3a4ae4482adfaf08ef5ddbd976d8137.jpg,ea95c16a976a3ec0,Tas selempang wanita Sophie Martin Veva Sling,48664808
train_535401545,92cec1d31eba8bccf2186f5c5bc6235f.jpg,c91c36d9c1733963,"Parfum Mobil Kopi Bali // Pengharum Mobil Aroma Kopi Bali ""ORIGINAL""",732573709
train_728411473,7e164f8eeba3b1d45b4f74672f9d1887.jpg,ea90956bb46c93a5,Little Palmerhaus - Bam & Boo Bamboo Towel (Handuk Anak),3496576043
train_459375406,d3adc264ba35e204dfc599674f41f75a.jpg,b399ce64cc66cc86,Sandisk Flashdisk Ultra Flair USB 3.0 CZ73 - 128GB,3781511357
train_1040263340,d31d04df76e635dc733e42247b94c49e.jpg,e698caad6ed41329,Willy cardi crop button cardigan,3729785503
train_503217122,b2bf270e28ebc6728f281485289dc28b.jpg,fb7e9e784822f180,Jam Tangan Wanita Hello Kitty Import Silicone Quartz Analog Motif Kartun Warna Permen Untuk,1070755869
train_846349801,95be5eebd10890fa59e29214c7a3e202.jpg,bcbcc3c31e2ee830,Cetakan Kue 8 Lubang Datar / Snack Maker Martabak Mini 8 Holes Murah Surabaya,105959685
train_3414526202,224eea72a91c0083949bef4d8bbb19c8.jpg,a18709699678ddf8,Kurma Mesir Madu 3kg / Kurma Mesir Madu,524178901
train_1961149278,eccaf4972cfcf0361ee15a364b46af94.jpg,b53cc7e34c0e32b8,"Kain LAP Serat MICROFIBER 30x30 Cm - Handuk Lap Mobil, Motor, Meja - Lap Mikrofiber",716945248
train_1010570497,8ec404eac18cc1159ab5fbed49fc3238.jpg,ea99c48dd86a919d,Frestea Botol 500ml X 12 pcs,3163966185
train_3274062281,3263065448aadf8b4886d607401ec558.jpg,91e66e072aadb43a,[400gr] UKURAN BESAR / JUMBO Wadah Cuci Beras Sayur dan Buah Multifungsi Multifunction Bowl - Pink,3794541920
train_3364865935,3f3f66b61f0230a30a4c1b37dda0b208.jpg,e8d181371aec0fcd,Tas Selempang Import Chibao Yousite / Tas Wanita Nylon / Casual Stylish Sling Bags / TV-34,1996577230
train_3075475070,6a454ec6206cf0d1f7f5cda04fe3f6ff.jpg,dba5a418b56b4ad2,Focallure Lip Tint Cair Velvet Lembut untuk Plump Kosmetik Bibir Lipstik Lipstick Cair FA86,1646052977
train_3363573910,c5ca6d476ce7ae41f1bb166285d4e818.jpg,bc9cd163c233b6c8,SAMYUNWAN BPOM ISI 50 kapsul,2759050553
train_2242643081,dfaf5a46391127d31b35e73ddf02590e.jpg,c727a4d8b8928bad,CEMPAL ANYAM ANTI PANAS,2082555998
train_2256618296,9b60bdd0981b45a08cf6659a10b1ef48.jpg,9ca228a6d3bb2a5d,COVER TAPLAK KULKAS ANTI AIR - ALAS SARUNG WATERPROOF MOTIF,85583521
train_365277645,cc7252e6a1ebaffbe1ea82dafeae00ca.jpg,b1b313cc87c4ecd2,Azarine Eyeluminate Firming Serum 15ml C White,1417510413
train_1226956020,3a5541d69dd5707342bd7bc23d2291b5.jpg,b23ee1cd9c328e1a,Lens Case Motif Character Line,3114936592
train_561778870,79f2734e681f56c8bc6c3cb309787d5c.jpg,ea9cc45b8e679164,pt.yangguangtrading - blueray168 - COD dompet wanita import  mini F6 real pict MURAH,2320051494
train_203957270,605cebcacb893f8332d62aa1156c1a7c.jpg,c1a02ddb369cabe2,Panmomo White Gel Ink Pen / Pulpen Putih Lucu Unik Murah,695973918
train_1627968969,f30e8292a4c0c1be4a5ecc245f250906.jpg,d2fbfb4208ad248d,COOLING 5. SPRAY,2403853885
train_2670423013,b19ddbf0da3b2ca5c35e19af9d7d2443.jpg,e9e59692926e741a,Brilliant Couple Original Solo Hijab / Sohib Kemeja + Gamis Syari Longdress Maxi Toyobo Polos,2945011912
train_614563310,2e25e5b236e66e67c59fb4d4d4ad4e56.jpg,eba5854aa464f2f2,Philips Avent Single Electric Breastpump Pompa Asi Avent Elektrik,2086690397
train_2778999035,ee5b5bc00c66c481ea74b7f09ebfd469.jpg,e483cc999b6c9939,ABC Sambal Extra Pedas 380 gr,2025865799
train_56627806,f22b416438110c65878ffc299b0e4ba5.jpg,d2c6c5b858cec6c3,Sunsilk Conditioner Thick & Long 170 ml,3071217143
train_1284225050,dae5c8998ff6baffd9586090ddeff660.jpg,bf5fa1e8838543d0,\xe3\x80\x90COD\xe3\x80\x91TPU Casing Soft for OPPO A9 A5 2020 F7 A71 A1K Matte Frosted Candy Plain Rubber Case,3924314161
train_3322701176,da0cc81a2381bd55c70eb88f8e11f765.jpg,ee95956a946a582b,Daster Arab SakeeNa Jumbo Busui Resleting Rayon Renda Arabian,3423223258
train_2236378953,052f210d451349a3b12df2a887d51563.jpg,ba4e91e1cf306c5a,V BELT VANBELT SET ROLLER MERK ASPIRA KODE K44 BEAT F1 ESP VARIO F1 ESP SCOOPY F1 ESP SPACY F1 ESP,1397230201
train_2733627591,440973e44998bf77ba50621075160a6f.jpg,e8ec83c61c974e66,Jaket racinghell 03 # racinghell,3519984805
train_1466235757,43ed9d703eae677fc46ab6581c1c55e7.jpg,92d02fab25257cab,Bubble wrap,388684396
train_1373942162,440f00f63cc3aeafc30860c648933812.jpg,ef65902ec49ccb86,Fashion Camera Box Tasbatam Tasbrended Tasimport Tascant Hand Bag S9L6 Kondangan Tasbrended Diskon,1690212844
train_385704023,704a97dc44fea949905f501f692c43ca.jpg,afcdd0320e956d68,Pulpen Kenko Easy Gel,1547007621
train_3112017859,2792906377bfcbed7d9986ba7935a212.jpg,8ee1f11f000f6fe4,Hanasui Naturgo Lightening Peel Off Face Mask Masker hitam Komedo BPOM Ready,2430246747
train_2188168463,6500f35edd85a6fa44cbc04a0f29df9a.jpg,9ba5e41a8571719e,Cover Case Earphone Bluetooth Airpods 1/2 Aneka Bentuk Karakter Monster Kartun,1409501909
train_3505720509,7216e20ede563ba06da53b5bc717e054.jpg,b366cccc99333133,ACNES Pore Strip isi 3 Sheets | bye komedo,1789427472
train_968298886,2e0214431b52bdd7f3514ea714a036bb.jpg,ba9cc4633e9c6961,"KOIN 1 DIRHAM ANTAM 2,975 GRAM PERAK BERSERTIFIKAT",3014041297
train_278590815,b9d985f2d2c3c2f44bc846ac555f8aab.jpg,8ece33058b939e35,TERLARIS MUKENA TIEDYE AMNA BY ALUSA ORI,4141416718
train_2406684937,fdf01e1d66bd4b8a516737719fba1ddc.jpg,b9cf952cc6b13168,Raket Nyamuk Listrik Rechargeable Micro USB Mosquito Swatter QX704 - Raket Pembasmi Nyamuk,3357042053
train_2576092257,7bdc987e0138a208fd7b146d97f6922d.jpg,e699996606ce99cc,FWR - Celana Kulot pocket Jeans soraya,3048696444
train_3582623500,00e65d8466dfdaa6e120f9630acd0a95.jpg,d7802cd873936e9c,Aroma Terapi Pengharum Ruangan Merek Josmine / Aroma Pengharum Ruangan,3411023097
train_2468012467,e938bf7a1389ada23a25adce46a0cb2d.jpg,ac34db38d39bb064,Stroller Bayi Pliko Adventure 2 / Kereta Bayi / Stroler Bayi Murah,2039518241
train_667697873,11422b1d5ba6ffe1de9a91c9f8d694c7.jpg,ba33c4ce9ca49659,Kent Microfiber Cloth PK-30 (isi 3 Pcs) Lap Serbaguna,1262636282
train_20723777,4316e9dcddeeca087e7c733851c52499.jpg,b3269999cc367331,Minyak kayu putih cap lang 210 ml,911448401
train_2629018026,41b60bd56d1ce1cf1b3f48ae839e3dc7.jpg,beb4c1c5997a068d,Kaos Kaki dengan Bahan Coral Velvet dan Gambar Kartun untuk Laki-Laki / Perempuan,3937733565
train_2281294926,1c9933671d1171027972487508ef90f4.jpg,eb87a5f024a14ec7,We Bare Bears Hair Drying Towel Miniso,1683190239
train_107359117,ded875bf32b3a0ebe7a90bd7dd5e5d88.jpg,b0d3c464cf3467d1,DEA Shoes - Woman Flat Shoes 1810-29 Size 36/41,1711175704
train_3151299248,b0db941648ecdde867a892681fe24d43.jpg,fb955aca4aa06ae1,Philips Avent Single Electric BP Standard - SCF332/31,2086690397
train_2980805870,7898602b44dbe9653c75d2469ff26dc7.jpg,be1d3cb4e035b522,Prima protect 500 ml  dijamin original,2765097838
train_129957292,2a44372c34cf4791203e5e194b3557f7.jpg,b691cf491e621c97,Siwak HOLDER Kayu Peelu Al Khair /pcs Al Sewak Miswak KHOIR Oleh Oleh Haji dan Umroh,1243244040
train_2571048404,1d137a5df1fe926109eaf4a9819581b1.jpg,fa858578897235cb,KAIN LAP TANGAN GANTUNG MURAH GROSIR BAHAN BLUDRU,3414903389
train_3368184223,8606ca51500516d22d50c08ab19ea36c.jpg,a6511e4b774cd1a6,JILBAB PED NIQAB CAHAYA / SYAKIRA NIQAB / JILBAB PED MASKER NAFISA PED MASKER,50839031
train_3711919709,1897623f0696992d7720ee6a2963660b.jpg,b44d4bda2693c99c,2 + 1 Madu Sehat Lambung Magastrol force,2684150012
train_147530554,f4e074ad07012ea0146c66d2d7d8716a.jpg,bee219a6e01d4bb8,Toko Perlengkapan Bayi Kasur Bayi Perahu Lipat Kasur Perahu Bed Cover Bayi Bedcover Bayi Guling Bayi,3010010739
train_1326272092,206383e391b2f54e67819624161410e1.jpg,f6c78c7a2d00711f,My Taste Saos Blackpepper 500gr,1163728238
train_3712381717,422733d3cd516388e1d10d74198df5b0.jpg,e4a159266d572dd8,[Skin1004] Madagascar Centella Ampoule 100ml,2011865666
train_3119532419,21ea1108b43f5836eae0103384d2f0d4.jpg,bd3cb406c6c64979,BBWORLD Summer Baby Boys Girls Short Sleeve Cartoon Print T-shirt Tops+Shorts Sets,3937149763
train_2433410497,b23e8bc4ba2f67129c844c042b8cc91c.jpg,afcdd0320e956d68,"Pulpen Kenko Easy Gel 0,5mm - 12 pc",1547007621
train_2155111228,e353fe163cbea03536f28ca194010663.jpg,fa5ac24a932d8ec3,Daging Ayam Giling (bagian Paha Kulit),368050926
train_2068622451,b406f2e62ab11f50a481f8c14a8fb142.jpg,f177f6e8bc604092,Bando Bunga / Mahkota Bunga / Bandana Karangan Bunga / FLOWER CROWN BRIDAL SHOWER LED,2901819840
train_2667412771,4d36c47ffaec4f4d9af90684b3d55874.jpg,fa08439d18c71f3b,Sepatu Sneakers Flat Anti Slip Bahan Kanvas dengan Strap,1339662767
train_2185508910,db70c28882b4eea23b69aaf830d4969d.jpg,ea94b5639835876c,cream malam glowing 1 theraskin,1146205648
train_1429789938,6a82ba30ba63c4932559ad90f41d67a3.jpg,fac08d3b62c4dd29,KIT Motor Metallic Paste Wax 60gr,2336088560
train_2360098088,f5d623fe382ac66afc18253e406df4b8.jpg,f95c5e87a429c83c,1Pc Ikat Rambut Model Twist untuk Wanita,4257355866
train_4178245624,4a0f63220f418ac49cec441ee434a0f7.jpg,b4e5cdb887129eb0,(OBAT PENINGGI BADAN GROW UP IMPORT ASLI/ORIGINAL),2702558218
train_1511137440,267ac0fafeca8e41ce4e82d5c554faae.jpg,f0cb235cc93ec499,SEGIEMPAT POLYCOTTON LASERCUT,2241853475
train_51897346,a89c4ffdb8297683a8a73df03ad2b769.jpg,f3879c68cb9ccc18,Handgrip protaper - grip protaper - sarung gas protaper thailand,3273907723
train_174234095,b719eac9baf04e739f3dc16aead48e61.jpg,e666999999999899,[BENTON] Fermentation Eye Cream 30g,3328069909
train_3046790791,140552a87e8fcef1eda55987bcf07006.jpg,b199968b38928e6f,Masker Scuba Logo sekolah,3114991641
train_139584756,2ba17d9cd297e77fdd7a48b410af7890.jpg,f6098d3af9e48619,Karet penahan karet pengganjal ganjal pintu Door Stopper Kodaki BB-10,2914552185
train_1337508290,f93b5ed2ada22ab438c7f6bd8f9d39b8.jpg,9be4cc43a2a5c53b,Topi multifungsi/topi masker original/kuoluk lapangan,232333234
train_4024032078,f2202f33eab40a4e85ad7c7f3767d17c.jpg,a1796c9a84649af7,Vaseline Men Face Scrub Anti Dullnes 100g,1716658403
train_1254982279,2706573d0fb6327792df40047e4c06f2.jpg,b8a5e57ad20d0a8f,Klairs supple preparation unscented toner 180ml,1508153255
train_741750401,2e0b9dda50452825c62510476aa3629d.jpg,e8e19f9ec279a122,popok kain berkancing/klodi,1333379942
train_3129660755,69b8083c295be3dd8b88398cc94ffad9.jpg,f068c8b3a5cd8e95,Penahan Pintu Bahan Karet Ukuran Besar untuk Rumah / Kantor,2914552185
train_702081798,f37a118ae816842be823c8b8d9df344b.jpg,814ec32b6e3b6ce8,BOX SEKAT 24,342597810
train_683936707,f15d4b6ed1ad5e9917fa892cd3c2ce86.jpg,8b65e01a5fee2331,Rolling rolling pin fondan non stick 23cm,1237870527
train_3247604450,137caa8780e7137af0871405d0926a51.jpg,bf3cc0d9e6e64482,YEGZ EYELASH KODE HW-08 / isi 5 pasang BULU MATA PALSU / ZOOMSTAR,1664263101
train_3068743384,c5eb915cc54ac6734b25c0fae5d7aaa1.jpg,a3620ff6dada9203,"TOPLES JAR KACA 330ML BULAT, PENUTUP SENG",1363821107
train_1032038522,e31a88ca96123046c8458b488c13ae84.jpg,ba72c4ccccc9c999,Wardah Instaperfect Geniustwist Matic Counter Brow-Brushed,1175071127
train_3104648387,8bcd7733dde64839812f77f07e102e74.jpg,fce372a876888e4c,Case Anticrack Soft TPU Realme 3 & Realme 3 Pro,100773610
train_3996858440,4ee7d0bc80a711972e24ee5e85370bdd.jpg,a1cad8921764ddb3,SEGIEMPAT POLYCOTTON LASERCUT MURAH,2241853475
train_3014430651,7f22687167cf1dae46b8e998034036b4.jpg,f893c48597ccc333,[Lowest price] Sepeda Holder Botol Minum Bahan Plastik untuk Sepeda Gunung,3427592570
train_2731515237,3d8bafe1c7d450c048292f7e9cd62b46.jpg,e9e59692926e741a,COUPLE BRILIANT ORI BY SOHIB,2945011912
train_2702108296,8309e0d0420c911931ac75b86689897b.jpg,bfa5c182c638b43e,SARUNG WADIMOR MOTIF JAQUARD MASCOT,3925735308
train_3030631503,1af7f07f9200087655eedc027e3e3431.jpg,8ee0e02cbe98e3f1,\xe2\x9a\xa0\xef\xb8\x8f[ PROMO ]\xe2\x9a\xa0\xef\xb8\x8f ALL TYPE TEMPERED GLASS BENING XIAOMI / OPPO / VIVO / SAMSUNG / REALME / IPHONE NOPACK,731765393
train_188597662,e2ccde6f8245165fd82b130a7db528ce.jpg,f71dc860279f1a31,Sarung Tangan Plastik 200pcs Murah TEBUKURO All Size Steril Ori Kualitas Japan Serbaguna Food Grade,3623283026
train_3969852884,29bad9982250674aaf638534ab2808c9.jpg,a921915a5ebd3b52,Minyak kayu putih Caplang cajuput 210ml,911448401
train_3464980807,ae3055f248d895b49668d0b2052a4920.jpg,ed73bb50f2ac044c,Stroller Bayi PLIKO Adventure 2 BARU/ Kereta Dorong Bayi / Dorongan Bayi/Stroller Perlengkapan Bayi,2039518241
train_1165058967,b7da2f9e2942ef1bc8a6e13d0bf55a18.jpg,e1729e67c63460cd,Natur Hair Tonic Aloe Vera 90 ml,122550860
train_2890561395,4641748d784d779087e57ab106087630.jpg,d046c656c6bbc639,Frestea Apple Pet 500 ml x 12 (1 Case),3163966185
train_3281898016,fe2f96d129e71efb924e490ce60df52f.jpg,e23381108bed7df4,LAMPU HURUF A-Z DAN ANGKA 0-9 TINGGI 16 CM,763032672
train_1536905259,239e8a056e669840901c38a4c70132ef.jpg,b1d60e926c9a719b,Miranda Keratin Smoothing Spray 50ml,115650745
train_1641263976,ff9eb260106bbaadb0cba4f6e2a4c8d9.jpg,c4b56e1a6ccc5ae4,[Tulis/Print] A4 isi 50 lembar - KERTAS STIKER STICKER HVS Doft Doff Putih Polos High Quality,2428670441
train_1486076286,21524a1c1188696880c179c18ceb885a.jpg,fee8c094871e833e,Miki hat topi peci pemuda hijrah,4280826664
train_2928905216,6b86b22f1f13ced025380d37f4ebc372.jpg,b4cd6161c349cecd,TEMPERED GLASS 5D/6D/9D FULL COVER SAMSUNG J8+/J5/J510/J7/J7 CORE/J7 DUO/J2 PRO/J3 PRO/J5 PRO/J7 PRO,2769714447
train_2574210849,4444ac29c7ce0d31aa59d2b6c68f4b8e.jpg,b1ce8d31c7d88c87,ORIGINAL Masker Saffron by HeyGurl! Hey Gurl HeyGurl Heygurl.id Saffron Mask,986838970
train_2044509526,726d679b5c4ae7e7c4241e97e136bddb.jpg,e6c25964b699b526,DEA Sepatu Flat Wanita 1810-29 Size 36-41,1711175704
train_2325210644,e463100dde24914c6a0b1ad0c933db02.jpg,bd3cbc06c6c60979,winners Summer Baby Boys Girls Short Sleeve Cartoon Print T-shirt Tops+Shorts Outfits Sets,3937149763
train_1785535706,8ccbb6cdd3c0f099a2cab841f2475a86.jpg,de8eb291adf0a452,Rattle Stick Shaking Ball dan Teether Rattle bahan silikon dan plastik aman cherrybabykidsshop LC,712591436
train_235352073,0ee0cab6e735839831b7102b91f044f8.jpg,ea4891979d7866cc,ChinaTown - Pemeras Jeruk Nipis Peras - Lemon Presser Stainless Squeezer,1623573552
train_3335768351,a67867c004e35582473714859d0f9fe9.jpg,ece6c75b93303849,Baby Safe Training Cup Soft Silicone Spout 125ml AP005 Gelas Bayi Spout,3854289318
train_1111964110,4cc4d9ffb7cc7d4a376d7c2a4eda483b.jpg,ea9d955395639164,Cutter Blade Refill Isi Pisau Pemotong Joyko A-100 / L-150 1 Tube 5 Pcs,1644754067
train_2137815821,54bf1b8c7b2cfa16f7ac50105d7f8d79.jpg,e9909e6a9de6528c,ST NAKIA - 123,3285910310
train_16386586,2eb0d8b2e926e82942769960ec8d6d88.jpg,d3ff2ad08d808f86,Couple Aron | Mosecrepe,678236612
train_2579931787,f88eb2287577fd5817ebc2d51b699613.jpg,db9b32e624ec0173,Harlette Oatmilk Gentle Facial Wash,4185794721
train_1824521068,9e90199b9f1d275642ff1538d859e006.jpg,a467db34c3c9aec0,Madu Sarang Honey Comb Fresh Honey 250gram Grade B,583498879
train_3738941410,c8f678ef2574850a8aa0a3e31ff2c1bd.jpg,ee8d8372e49d7206,Handgrip protaper - grip protaper -sarung gas protaper thailand,3273907723
train_222157252,784fcbe75723c45935498e0ba2894b70.jpg,fab46b8629c298cb,Jilbab Instan Bergo Nafisa - Kerudung Minang Bordir - Hijab Instan Simple Nyaman,3029107307
train_2117168413,fad092f8acdd251dd1066b0345c64cf4.jpg,b19cc6c3c7398c36,Anha set/setelan muslim wanita,3224850644
train_2244662893,fd68da190e8739150321d72eeab52c0d.jpg,f86d8171759c3519,LAMPU HURUF A-Z DAN ANGKA 0-9 \xe2\x9d\xa4\xef\xb8\x8f  16 cm A-Z 0-9,763032672
train_2014256248,7998ee6fa84a97d10f38636f6e1aa638.jpg,ea97956a429d1593,BALLY - Salep Obat luka Dan Jamur Pada Kucing Aman,2148785518
train_4128149323,5844a198a7701e4f3e048b23d26ce6e0.jpg,ebd29e6721ce04d1,JAGUNG POPCORN 1kg,1531804546
train_4003793101,4cc08fe9e62015d52134efd04cb72a3c.jpg,ffe0c01f63c01f23,[ORIGINAL] LIFE CAT Pouch Kitten 85 Gram Cat Food Life Cat Adult 85gr,1300007930
train_2039812806,a5f474ae2def233110a9a05dc2e64e34.jpg,ee40912fe8da16e5,Sandisk FlashDisk ULTRA Flair CZ73 USB 3.0 Up To 150MB/S - 128GB,3781511357
train_3878934657,2717080e6a297cab37944a1abb87dc48.jpg,e1329bcdcecd0c8c,1KG MUAT 4PCS | BAGGY JEANS SAKU / POCKET RAWIS JEANS / BAGGY JEANS RAWIS SAKU,4043587155
train_2618801107,44c9deebb784e7d38fa2fe95c14b90d5.jpg,b13f0a70ddc0dae8,The Ordinary Alpha Arbutin 2% + HA Hyaluronic Acid Serum Wajah Original,2725707385
train_3528069780,56a770c9bc78efab1b1af66c63c77380.jpg,fac66639e01ecca4,FLARE SKIRT,3197346856
train_1535611996,710e0b222fe762e296ef53f0a84893f0.jpg,f9b98543da8409db,Sepatu Adidas Italy Running New Edition,467237087
train_3496323471,d1024a844c5ab22ff07b943a831dbc84.jpg,b1cace3664b486b6,PELANGSING YOURSLIM STRONG / YS STRONG,4253826862
train_2276333157,9fefd5528c944df1a9ebbfab052d64a7.jpg,bb96c0686e95b15a,Consina Waist Bag Coda,886336390
train_3557424567,de89a690f69720262b57574f85988bd7.jpg,ef859b6dc212e44a,Speaker TG162 Bluetooth Wireless Portable Nyala Lampu LED bass,685296764
train_1987973610,2653a3c0a8ca972b7d29c4597473541c.jpg,870d78961392f96d,Baseus 24W Adaptor Charger Quick Charging QC3.0 Original,2204481244
train_2182583120,b0ce6180a63d74032195e7de2e4b6614.jpg,e39c9c652e326b49,Bluetooth SAMSUNG S6 SPORT Wireless Headset Earphone Handsfree,3021321489
train_3029569585,75574db1d839d9fcc23d360bcf313abc.jpg,b2c732cf32cd328c,M231 Kemeja Pria Koko Panjang Warna Abu 1366,2054351556
train_4039065603,bf79cb5b0a521a3ef11da563ab3f4018.jpg,81d555a04eb45ebd,Tambahan bubble wrapping/dus,388684396
train_742884071,bfe07237716c2c824d281b7c78bfc1f5.jpg,ba1e912dcef0c863,Ultima II Delicate Translucent Powder,937525808
train_628151965,bd372b50f71101e62c6831d5a5e77c13.jpg,e61b491cb00bedf1,BOLT CAT FOOD 20 KG (GRAB DAN GOJEK),631880435
train_281822199,18c46ab81cef90a4a33d705eb797f8cc.jpg,b1b3ce875989648d,XIAOMI REDMI 7 RAM 2 ROM 16 - GARANSI RESMI TAM,535166809
train_2066505398,b0a32477075c7615b3de5c180fbaf15c.jpg,a56bce2fc0c316f0,"Jilbab Voal Motif Premium Masker Instan , Hijab Masker Premium Instan , Harga Grosir Termurah !!!",2410084117
train_3921439127,2cd287d5c85462d8091dcbb1911ce8e5.jpg,e8788fcc9286db92,"[PERPACK] Amplop Coklat Ukuran Folio WPS ( 23,5 x 34,5 cm )",158855858
train_3026047134,8406cd1c882d647de047d508eb5cb5c5.jpg,af870d0f070f870f,TENDA F3 Router Wireless 300Mbps Hight Power Router,2841123105
train_1927816645,35fc9679f0b16c217f744100753908e3.jpg,9aec63ac4e33c41b,The Ordinary Serum Alpha Arbutin 2% + HA Hyaluronic Acid Serum Wajah,2725707385
train_2177277696,3d7183cd9d90886032fa784cdb43fdc9.jpg,bfc9c0362fc99314,{FREE SENAR} REEL TERMURAH AUDREY 5 BALL BEARING TERLARIS,2013607487
train_2166420144,54b793948f813e26e3514a55b00cadec.jpg,eaf9e5429e8090f6,Pulpen Gel H93 Kunci 0.5mm B9 Al,3715213560
train_3248280640,51e08559fa3a864c7447d7a52237d1db.jpg,da0da5f2f8686d06,Kulot pocket soraya Wanita JN232 Celana Jeans Kulot Muslim Kekinian jeans denim terbaru cewek murah,3048696444
train_1802058287,2e69d958dd9af31e1bc89581bfa49481.jpg,e9ec81d39099c66b,Jaket Racing Hell Motor Balap Hoodie Sweater Racing hell line star Pria wanita Bahan Tebel nyaman,3519984805
train_3520231849,d51fe878d3b7f399c0efc3d0ae21cde9.jpg,ee95d82c9c6e1643,Mangkok Masker Set / Mask Bowl masker Mangkok DIY 4 in 1 Kosmetik,3211565621
train_1677527866,afc0e8ba25110e6c89742eeb92884b88.jpg,ebc31d1fd1619c0c,Pupuk Cair EM4 untuk Tanaman,1280208830
train_2502151735,96bbfbbeb99c965c9326a412cec5a9aa.jpg,ee99e44b916699a4,Earphone Karakter Lucu Cute Lovely Rabbit Bunny Headset Handsfree Ada Microphone MK164,1576131659
train_2376300347,2e0f518c22c28d379223568cfe30965f.jpg,fb85c4959564954b,KINTAKUN Sprei 120x200 motif Aalborg Fiji Unicorn Celestia Rockstar Abel Albany Kezia- 120 Single SP,2235227223
train_1556968765,ec966877d070044d21aee59fda0f4505.jpg,d432fcc96b28c2b6,TBG Sepasang Kaca Spion Mobil Membran Kaca Film Anti-kabut Tahan Air,3583466797
train_635512657,514d16a8136fb6f13ba28c67c2e15cb4.jpg,9911674e6fa2e532,Souvenir pernikahan sodet/sepatula kemas plastik+free kartu ucapan terima kasih,4263247011
train_3625839053,a9f1a5e99c60ca1c8c71931c78570b1e.jpg,b09acf65ce64329a,Big Babol Asteroid Pouch,512931898
train_3643954029,4a61786ac3e42fa566dc41bc7d197154.jpg,bf1cc04fe6e64191,YEGZ EYELASH KODE HW-08 / isi 5 pasang BULU MATA PALSU / KIMBERLIN,1664263101
train_4080723045,f42e1303065e9a735e623c919c2ead91.jpg,a996df37964820dc,PW Rak Kamar Mandi Persegi Multifungsi | Wadah Sabun/SkinCare ~ Sistem Tempel Tanpa Paku  [ A1 ],3950258671
train_4251674985,94852c92ff2030e13374ef240b2080d4.jpg,cbd4f02cfe13b484,[Bayar Di Tempat]HANDAIYAN Eyeliner Cair Warna Hitam Tahan Lama,4218699672
train_2309945136,44ec59ec7319d741e1e4cb1a6fc3023b.jpg,ac68d33f94cb89a4,GAMIS POCKINA DRESS MOSCREPE PREMIUM,507648310
train_865521865,a73449f0e30790c58273cb7fe3592e07.jpg,f2cfc7c0718cc8e1,Sunsilk Thick & Long Shampoo 170 ml,3071217143
train_1501419571,036ee9cc281bf3168c34470b8a8e9371.jpg,d2318d6a26d6f358,Cream hn 1000% original 15 gr segel bersertifikat/pemutih wajah glowing acne flek komedo jerawat,971745133
train_2951774976,5840be46b24eeb641f48d026c5aed455.jpg,fd8f62818a959672,NEW ORI Hada Labo Gokujyun Starter Pack,876262420
train_1016621342,dc1e8e3ac46aa25c92ad20a9fd6cb6b9.jpg,e997c24a94b339e8,RAKET NYAMUK / TEPOK NYAMUK LISTRIK PEMBASMI NYAMUK LED LAMPU MERAH,3357042053
train_664416720,5669f65b38b75a75b042bed39dfd1c59.jpg,ea4891979d7866cc,Perasan Jeruk / Peras Lemon / Alat Pemeras Stainless Steel,1623573552
train_4113914044,9766557f172482efb43ab589c9a867fb.jpg,bac3c639d0c417da,Original Boya BY-M1 Lavalier Clip On Mic for Camcorders Mirrorless DSLR PC Smartphone,811765912
train_2867824374,7a9dc0f46d9a354d2fc753d4e11c989e.jpg,b238c8cccbc33337,OBRAL SLIP ON RUBBER (TANPA TALI),2590432328
train_1337984987,00f713aa9c5b92e15ba9b2b3c92d2f70.jpg,9f5a58e885b4b694,Set Piyama Sexy dengan Celana Pendek,195769780
train_1100229010,bb0ab077f8a5de06cbfa0016141c46ba.jpg,be704347454e4e6e,De Essential Shower Mandi Simple Set 3 Pcs 1040-Shower Head Set 3 pcs,2204320243
train_1326770919,7d6389735f7985575ae23af84efb6253.jpg,bdc39a304d396696,Casing Oppo A9 2020 A5 2020 A7 A5S A1K A3s Realme 5 Pro C1 C2 Case Plain Rubber Matte Cover,3924314161
train_1781165040,adc73b7ab2737abf09253280689e7831.jpg,a5433335813fceac,SETELAN KULOT ANAK GSK 4-7 TAHUN,3156823611
train_2828837404,96887c4bd6f5bee710160bdf9c3294f9.jpg,ec92e9ec926c3332,"Kacamata minus oval S 256 ukuran -0,25 sampai -4.00",990609101
train_2854784767,10502d58f149a75a9a800e5778fc8e20.jpg,ef95d060b51b0eb4,Speaker Bluetooth TG-162 Portable Wireless Speaker LED Bunglon Bass USB/MMC/ Radio,685296764
train_1771699960,8c9c885975da19fe027d1e685572ec84.jpg,bfc9c0362fc99314,Reel Audrey 200 5 Bearings dan sudah diisi senar,2013607487
train_2579160491,0a6148e129e4f82be640d469f83d6322.jpg,ee1166be833e318a,Neutrogena Hydro Boost Water Gel 50 gr,576861546
train_3341911345,acadaa9d04a0bb8c8a47abb004097b8e.jpg,be26c1c9693ea6c1,Safi White Expert Oil Control & Acne Facial Cleanser & Toner 2In1 2 IN 1 150ML - Anti Acne Cream 15g,84839135
train_461752132,02989f736cfa6a1964c88caf246491e1.jpg,b94fce29c9b0b0b4,PP Lite Kertas Fotocopy A4 75gr - 1 Ream (500 lembar),238689611
train_4193843595,d25109d013f695c825c889cfc2b4bc9e.jpg,ed38616f926cc632,Bumbu Sop Instant Bamboe,4159093852
train_904305218,7500e1dd6dec991a9c6e0fce46085074.jpg,90d5064a2f7e3fc2,OSM - H266 Wooden Clip Set Love / Jepitan Kayu Bentuk Love Ukuran 3.5cm x 0.7cm / Free Tali 2 Meter,2673724338
train_1262013844,95741d894c59c29fe8927b7c4f2729b8.jpg,baa44b9669c29ccb,Nafisa Minang Bordir - Hijab Instan Bergo,3029107307
train_3238048306,b564ee4c8810c3b0be7076a3a96efb54.jpg,e4a31ecb9c53a174,Morinaga Chil Kid Gold Vanilla 200gr,4030752903
train_1256352405,369bf533991d3af94f820adc72da94c3.jpg,c3b464235fe8554b,Zahwa dres remaja ORI SHOFIYA,1395102007
train_3449507551,140da1e985b436180a76ccabcfd661ba.jpg,be969521c969696c,Jagung Popcorn KingPop 1 kg,1531804546
train_3697728683,022f08b9f59000f83743d955ea75cd6a.jpg,eb8f973f49a062c0,11.11 SUPER BIGSALE \xe2\x80\x9cH-108\xe2\x80\x9d sepatu sneakers wanita/ sneakers putih/ sepatu putih wanita,1284560630
train_318889473,5cb66330b1b9d9f3b9d31073f61e0738.jpg,f177f6e8bc604092,bando bunga mahkota bunga led,2901819840
train_3511483733,8bac7273b7b2e5fa1046d6113a9a4c27.jpg,e5981a6f78982fd0,Siwak Holder Al Khair - PEELU MISWAK HOLDER - TEMPAT SIWAK PRAKTIS,1243244040
train_3861766435,dfd9772ae1b9b466dcfb48ccb2287b09.jpg,cf4ce0509f97b1b0,ACNES Pore Strips isi 3 Sheets Pengangkat Komedo BY LYNETTE,1789427472
train_4072917577,9ee8ccfc383d36ecf269516c92fdb001.jpg,bcb1c68e65666b12,HIJAB MASKER JIlbab masker Kerudung Masker Murah Hamidah SIRYA,50839031
train_304863087,0e7507e0bd9815c7c6313a5bfdc1931f.jpg,eaa4db35244a976c,Makanan Kucing Basah Life Cat Pouch 85gr Kitten Adult Wet Food LifeCat non Whiskas,1300007930
train_947932989,30b08afa003b9b85c7678de0ce7ed52a.jpg,d2b2d952b151ae5a,Dove shampo,1337881232
train_1036048652,3b2bd1ce8d12a7e17504de42f8b4bcea.jpg,bde2c01dd0d4c39d,Isolasi Lakban Fragile 48 mm 50 Yard,2406872845
train_947478545,3428ce52a9c43505865d2bdefab028fc.jpg,fac5853fd461099c,Merries Pants L30,1093008820
train_2485506553,1d188c5c6ce1bf7f938d61c1b9ce1f48.jpg,b2c9d9313e34cd32,Kemben Sorex panjang polos 2919 | limited edition,1779671211
train_1567328339,6e628e187acc8c2aa7247b1d0c4d959a.jpg,dfc9d4f801922975,Daging Giling Ayam Bagian Dada,368050926
train_2489461538,c382652c390d1f841dda9bb8a6015ca3.jpg,b9ce3198c691c6b3,Mommyclopedia: Panduan Lengkap Merawat Batita (1-3 ) by Dr. Meta Hanin,2203660548
train_364971167,f055f224f3d7d0c232fa6f8630c755f5.jpg,80c5ff3a1ff4203a,Obat Tetes Mata Untuk Hewan Kucing Anjing kelinci Dan hewan lainnya,1019668446
train_48476009,e535baefb7188932efca1421bd072ea5.jpg,fba584d8882c3fca,HOME007 Set Love Wooden Clip Jepitan Kayu Bentuk Love Free Tali,2673724338
train_2626202329,e06965033ef764c266dbd0001f912f56.jpg,f986c6931190e7f2,391 [ B BUKA DEPAN ] Cover Mesin Cuci BAHAN PEVA 1 Tabung B,3924716875
train_1914067608,5b6322cff2614e21407890cd2e15ebc3.jpg,b94cc3334cc6b38e,[11.11Big Sale] Slip ON WANITA SANTAI WEBING S11,1339662767
train_1974896791,54b1a444a77a22a2257a505df49c87d9.jpg,dfa0e05f8e60ac99,Waterproof Waterproff AirBag Sarung Case HP Camera anti air Large HP,3432029652
train_2222168931,9c96583ec6adececcc5f8467557095ba.jpg,bac9ca2eb192cd70,Cetakan Kue 8 Lubang/ Snack Maker/ Martabak Mini Dorayaki,105959685
train_781695618,eeefda9b5fc293073ac537893b75923f.jpg,bb3b8446c4d4732b,Kaos Kaki Bayi dengan Bahan Katun Tebal dan Hangat Anti-Slip Gambar Kartun untuk Musim Dingin,3937733565
train_1908288077,d1a068f8b327f9a5864f7910854295ff.jpg,c88ed2931f26ed61,KERTAS HVS A4 75 gr PP lite support by gosend dan grab instan min order 1 dos(5riem),238689611
train_3158683820,d17e2704bb72e04c1a89be823c219279.jpg,9f5a58e885b4b694,"""Wilo"" \xec\x9c\x84\xeb\xa1\x9c Sleepwear",195769780
train_857145375,ab69ec74698a2bbda479c23cefc147dd.jpg,dea5e313c11bc44e,LEONY KULOT SCUBA TERMURAH,3117416408
train_2355653542,9c23b1ddd8794c8a5d5b1b90e80eca5d.jpg,ac16a47218eafacd,cempal anyam /lap tangan dapur anti panas(1pcs),2082555998
train_4105355395,3abec0dc42912d3e09c0f173f4c46e06.jpg,bac7943c936cc592,Buku tes iq untuk tk/paud,191088936
train_2274756071,b82642e4b6ba15fe8c4c22a737416b3a.jpg,b387ce3465cbb424,Kurma Mesir Madu 3kg / Kurma Mesir / Kurma Madu,524178901
train_2667184724,f5d12a0889c8509d377968077e3166ba.jpg,b2e4cd19f3c00f3c,(50 Lembar) Kertas Stiker Sticker HVS A4 ARTOS Doft Doff Putih Polos Berkualitas Mudah Dicetak,2428670441
train_3042536671,218530ecd64eb5f686c339914c938c53.jpg,e9928669936d91f4,MOZY OXY SWEATER RAJUT WANITA,4069659242
