image,label_group,Precision@1,Recall@1,Precision@3,Recall@3,Precision@5,Recall@5,Precision@10,Recall@10,AP
be4f78d0959b013256db6ba2ea0fb4f0.jpg,2444382903,0.0,0.0,0.0,0.0,0.0,0.0,0.0,0.0,0.0
3b0c6d5202ba8450fa14fb9e13b83cd5.jpg,1051200371,0.0,0.0,0.0,0.0,0.0,0.0,0.0,0.0,0.0
712416a08aa88d80d78a1f11c860825d.jpg,2799192943,0.0,0.0,0.0,0.0,0.0,0.0,0.1,1.0,0.1429
44a506fdb7f9c4526a6a8f1e5b2766ce.jpg,3462799203,0.0,0.0,0.0,0.0,0.0,0.0,0.0,0.0,0.0
588bbc2ebeb256b2ff7b9debfe4c26d8.jpg,1845822403,0.0,0.0,0.0,0.0,0.0,0.0,0.0,0.0,0.0
d5fc3337a1364d1301fee28e8f91a19b.jpg,4108245777,0.0,0.0,0.0,0.0,0.0,0.0,0.0,0.0,0.0
6977f704a965e595a73a199beb48d10d.jpg,1347996816,0.0,0.0,0.0,0.0,0.0,0.0,0.0,0.0,0.0
20ad0ffd07bdd1678f932f0ac3876ad5.jpg,2794635514,0.0,0.0,0.0,0.0,0.0,0.0,0.0,0.0,0.0
4740a97073038931e96a112f71fde894.jpg,3441662386,0.0,0.0,0.0,0.0,0.0,0.0,0.0,0.0,0.0
93e0f1c7195a064547e2478b8c166bee.jpg,2027771431,0.0,0.0,0.0,0.0,0.0,0.0,0.0,0.0,0.0
5dd25a5bce74fb3e6a203308a3364505.jpg,3681824555,0.0,0.0,0.0,0.0,0.0,0.0,0.0,0.0,0.0
ce4dc8c58438407840e7caf38f766656.jpg,1891029068,0.0,0.0,0.0,0.0,0.0,0.0,0.0,0.0,0.0
6e2518d624cf2cfb4ff4fdc058129a05.jpg,843074840,0.0,0.0,0.0,0.0,0.0,0.0,0.0,0.0,0.0
b461e337d18603ee2684f25bb1ff0f97.jpg,1675684498,0.0,0.0,0.0,0.0,0.0,0.0,0.0,0.0,0.0
e73071032ea6fbc84bd14e0e1c7073dc.jpg,503459380,0.0,0.0,0.0,0.0,0.0,0.0,0.0,0.0,0.0
37e268deca5a6a4ded08e4ab85a2fa07.jpg,2336088560,0.0,0.0,0.0,0.0,0.0,0.0,0.0,0.0,0.0
87b6d4c58e443ceea8f80482d466ceb0.jpg,1591589417,0.0,0.0,0.0,0.0,0.0,0.0,0.0,0.0,0.0
bbbbbf28b848f8df1733932135a83b12.jpg,3057377674,0.0,0.0,0.0,0.0,0.0,0.0,0.0,0.0,0.0
c939ee8e021d88d89a91adc5eecd428b.jpg,1938143023,0.0,0.0,0.0,0.0,0.0,0.0,0.0,0.0,0.0
87a32230e4c2bed41750fb51a3248b2f.jpg,2052138492,0.0,0.0,0.0,0.0,0.0,0.0,0.0,0.0,0.0
12777ef176f42d75c6693049f435cde6.jpg,160433412,0.0,0.0,0.0,0.0,0.0,0.0,0.0,0.0,0.0
7070fe3b7d28c76fed4398b2907b03b7.jpg,1046611173,0.0,0.0,0.0,0.0,0.0,0.0,0.0,0.0,0.0
0aa900ffa314840d9b52b51a7075b5f3.jpg,426273857,0.0,0.0,0.0,0.0,0.0,0.0,0.0,0.0,0.0
5c3bd3980b3e16963914f166b6f78b38.jpg,2892673176,0.0,0.0,0.0,0.0,0.0,0.0,0.0,0.0,0.0
3874ce658ff99909afe0f29786d38ce3.jpg,665055436,0.0,0.0,0.0,0.0,0.0,0.0,0.0,0.0,0.0
5455abf1273a53aa0585f64aa0990bfc.jpg,706174719,0.0,0.0,0.0,0.0,0.0,0.0,0.0,0.0,0.0
4ceef729ed0521965fc845c9ed250b59.jpg,735512547,0.0,0.0,0.0,0.0,0.0,0.0,0.0,0.0,0.0
a0e2a0bfc0e52a9eab306050f053cd75.jpg,2488256072,0.0,0.0,0.0,0.0,0.0,0.0,0.0,0.0,0.0
18e1f45805ab864d78f394727b054315.jpg,769563897,0.0,0.0,0.0,0.0,0.0,0.0,0.0,0.0,0.0
3f1485a99136532252826227350185b4.jpg,4089596260,0.0,0.0,0.0,0.0,0.0,0.0,0.0,0.0,0.0
733f1dfadd0d18a8c81d67d0711586ad.jpg,1231123093,0.0,0.0,0.0,0.0,0.0,0.0,0.0,0.0,0.0
20a94c7003fb84c084e2a01686e80ab2.jpg,4114528568,0.0,0.0,0.0,0.0,0.0,0.0,0.0,0.0,0.0
14a0763745454984b489ce59d3a882b7.jpg,575920684,0.0,0.0,0.0,0.0,0.0,0.0,0.0,0.0,0.0
d203c8b60772348297ffa6c53ceb4e9d.jpg,3269179172,0.0,0.0,0.0,0.0,0.0,0.0,0.0,0.0,0.0
b948f5e59cd392c69297331b9528c008.jpg,3175683208,0.0,0.0,0.0,0.0,0.0,0.0,0.0,0.0,0.0
5d15ed7c5c3f54e439baa376e6c48cdc.jpg,1603538838,0.0,0.0,0.0,0.0,0.0,0.0,0.0,0.0,0.0
eade693342e47dd2e09e25c7879c4634.jpg,2847742230,0.0,0.0,0.0,0.0,0.0,0.0,0.0,0.0,0.0
cc59d80bd70894098b4d12dc40b34f6e.jpg,3570782259,0.0,0.0,0.0,0.0,0.0,0.0,0.0,0.0,0.0
5f52a0783db044b55d8d9c4c843f3b6b.jpg,2929964448,0.0,0.0,0.0,0.0,0.0,0.0,0.0,0.0,0.0
3a3572e77bfb7400e57e502068350e8f.jpg,776749483,0.0,0.0,0.0,0.0,0.0,0.0,0.0,0.0,0.0
5ddd21cd002db8a2324438b0694eb530.jpg,1277960734,0.0,0.0,0.0,0.0,0.0,0.0,0.0,0.0,0.0
1813b9392ed141cb1beb260ca5fb81c8.jpg,2478430102,0.0,0.0,0.0,0.0,0.0,0.0,0.0,0.0,0.0
6aaa1946dc71d8c10ed0ecd86f594b04.jpg,2651183235,0.0,0.0,0.0,0.0,0.0,0.0,0.0,0.0,0.0
98acd46bad10f8271cff6e1f4aee1f39.jpg,1206055512,0.0,0.0,0.0,0.0,0.0,0.0,0.0,0.0,0.0
ffcfd638908506de0ad1fc4938bc74d1.jpg,2458770510,0.0,0.0,0.0,0.0,0.0,0.0,0.0,0.0,0.0
e19775440d6a2d8f0f54c94079c311cd.jpg,735420661,0.0,0.0,0.0,0.0,0.0,0.0,0.0,0.0,0.0
3561667f6e864a68e574624a18d341cb.jpg,116488907,0.0,0.0,0.0,0.0,0.0,0.0,0.0,0.0,0.0
537a1bd32be3b06e2f3d11859e8818e1.jpg,56021967,0.0,0.0,0.0,0.0,0.0,0.0,0.0,0.0,0.0
4aa9a708c16f185352cd2b1f625ae0fd.jpg,4239365373,0.0,0.0,0.0,0.0,0.0,0.0,0.0,0.0,0.0
9fce4f80871bc2b42bfaedb145b98220.jpg,1951630187,0.0,0.0,0.0,0.0,0.0,0.0,0.0,0.0,0.0
de597138875cbb75a41172e22e7ebb41.jpg,1660954169,0.0,0.0,0.0,0.0,0.0,0.0,0.0,0.0,0.0
08b2e400969afd0721dbcbcb1c1d80fd.jpg,918128675,0.0,0.0,0.0,0.0,0.0,0.0,0.0,0.0,0.0
74413ab765f34a3b24caf6aded14bb2d.jpg,1980970827,0.0,0.0,0.0,0.0,0.0,0.0,0.0,0.0,0.0
32b8d4f9b7d50f7e7690f765f62bf5d3.jpg,260041982,0.0,0.0,0.0,0.0,0.0,0.0,0.0,0.0,0.0
2f5c66fc9bb86bc81dd461cc6ad574e1.jpg,3115781716,0.0,0.0,0.0,0.0,0.0,0.0,0.0,0.0,0.0
c6f369e803a4911b8773f8479827bc38.jpg,2216355410,0.0,0.0,0.0,0.0,0.0,0.0,0.0,0.0,0.0
b0408b18333c1c18fe81097916022963.jpg,2269502085,0.0,0.0,0.0,0.0,0.0,0.0,0.0,0.0,0.0
370c3f9648a7a35d0214215cfa66548c.jpg,1212647631,0.0,0.0,0.0,0.0,0.0,0.0,0.0,0.0,0.0
838661ae3757b4acefbfd3cc7e3b72f5.jpg,2065799849,0.0,0.0,0.0,0.0,0.0,0.0,0.0,0.0,0.0
de89a690f69720262b57574f85988bd7.jpg,685296764,0.0,0.0,0.0,0.0,0.0,0.0,0.0,0.0,0.0
05864fb95cc126433f0298db01b9edd6.jpg,2937570906,0.0,0.0,0.0,0.0,0.0,0.0,0.0,0.0,0.0
e6a77c715554569fccf3d4cd0a24738f.jpg,42911281,0.0,0.0,0.0,0.0,0.0,0.0,0.0,0.0,0.0
1a42a2ccdd6c3d32449f983aa3633482.jpg,893687286,0.0,0.0,0.0,0.0,0.0,0.0,0.0,0.0,0.0
9bfa80ed92130e355f05e3f3971639e2.jpg,4044680308,0.0,0.0,0.0,0.0,0.0,0.0,0.0,0.0,0.0
33bf69a444302e29946633dcb268e3bf.jpg,2519284380,0.0,0.0,0.0,0.0,0.0,0.0,0.0,0.0,0.0
1ebfb5a38f59adb8c3ffcc923dca3e0b.jpg,1642026269,0.0,0.0,0.0,0.0,0.0,0.0,0.0,0.0,0.0
1d5e2479acc6d34322888bd5761d43a8.jpg,2277769580,0.0,0.0,0.0,0.0,0.0,0.0,0.0,0.0,0.0
5b81dc1643ddb3ce43e8d54056cb2ece.jpg,503126361,0.0,0.0,0.0,0.0,0.0,0.0,0.0,0.0,0.0
b85583281d5edd37b1aa41a0e4f11054.jpg,3719335490,1.0,1.0,0.3333,1.0,0.2,1.0,0.1,1.0,1.0
3e08c7e1a7964ea6cca2143481d65eab.jpg,2253364211,0.0,0.0,0.0,0.0,0.0,0.0,0.0,0.0,0.0
5c135c5b836143f37ea84b3d1b7f14d3.jpg,3829983180,0.0,0.0,0.0,0.0,0.0,0.0,0.0,0.0,0.0
cb70a994d64eb21157493e2903de5dcd.jpg,4119067013,0.0,0.0,0.0,0.0,0.0,0.0,0.0,0.0,0.0
bb02a9ffaf1cc8aab864dec83975f448.jpg,1167537954,0.0,0.0,0.0,0.0,0.0,0.0,0.0,0.0,0.0
053ac5fff8aa6053f3fcaa80bad7a400.jpg,137013439,0.0,0.0,0.0,0.0,0.0,0.0,0.0,0.0,0.0
b9c8b1a9cf989b97b39b499f30efeb2c.jpg,531768918,0.0,0.0,0.0,0.0,0.0,0.0,0.0,0.0,0.0
419be9397a37ef5e177bfc7ee26187ab.jpg,1087150346,0.0,0.0,0.0,0.0,0.0,0.0,0.0,0.0,0.0
7401a8677e735bea0e97430ca18c6e2a.jpg,4149277979,0.0,0.0,0.0,0.0,0.0,0.0,0.0,0.0,0.0
4f95e147dca2bc466c2623a22be719c8.jpg,232318354,0.0,0.0,0.0,0.0,0.0,0.0,0.0,0.0,0.0
e59cbb74ba465ce1ca0275debb5a2bd7.jpg,3510188133,0.0,0.0,0.0,0.0,0.0,0.0,0.0,0.0,0.0
7facf70f5890f00d45cedfd187a1b2a1.jpg,2206258979,0.0,0.0,0.0,0.0,0.0,0.0,0.0,0.0,0.0
deaa7233ddd24f2631803b4313ed9521.jpg,2162956095,0.0,0.0,0.0,0.0,0.0,0.0,0.0,0.0,0.0
eb2fdf905ddb3b44c86a8fa15e551450.jpg,382936841,0.0,0.0,0.0,0.0,0.0,0.0,0.0,0.0,0.0
440b3db780acba84dcfd49b3f9546548.jpg,381150737,0.0,0.0,0.0,0.0,0.0,0.0,0.0,0.0,0.0
060e2851e9969f339068de88cec1a86c.jpg,589527511,0.0,0.0,0.0,0.0,0.0,0.0,0.0,0.0,0.0
c70d447addae19f938838175ec861dce.jpg,2066748536,0.0,0.0,0.0,0.0,0.0,0.0,0.0,0.0,0.0
d255f22087c52b04b6351d2e1fc47717.jpg,2767520233,0.0,0.0,0.0,0.0,0.0,0.0,0.0,0.0,0.0
b86bcc9fd4f77e883c6e91bfe9f56d80.jpg,719229941,0.0,0.0,0.0,0.0,0.0,0.0,0.0,0.0,0.0
c3b10181819e55313745c6da4e3d80f6.jpg,4234755890,0.0,0.0,0.0,0.0,0.0,0.0,0.0,0.0,0.0
059a01e40c791760333d49ec0b3da964.jpg,1293916285,0.0,0.0,0.0,0.0,0.0,0.0,0.0,0.0,0.0
9b4e59c10a1e0741b249fa12aeb0bb70.jpg,568947639,0.0,0.0,0.0,0.0,0.0,0.0,0.0,0.0,0.0
f0333494b559e600acdf1583256e337b.jpg,2250603990,0.0,0.0,0.0,0.0,0.0,0.0,0.0,0.0,0.0
64950c9ccdb533a35ee16ca30e12a59b.jpg,2713190086,0.0,0.0,0.0,0.0,0.0,0.0,0.0,0.0,0.0
96efe1492702c15c3896a69655b727b2.jpg,2660884517,0.0,0.0,0.0,0.0,0.0,0.0,0.0,0.0,0.0
3e162cbc464fc9bdfbf9dec38fc1b25f.jpg,2321446316,0.0,0.0,0.0,0.0,0.0,0.0,0.0,0.0,0.0
451a83903cd3996282d069023a84b45e.jpg,2564134756,0.0,0.0,0.0,0.0,0.0,0.0,0.0,0.0,0.0
021eadff1b126965b57f68f9bc8d5d84.jpg,1478312373,0.0,0.0,0.0,0.0,0.0,0.0,0.0,0.0,0.0
820c2ca498e83982d37767fde31148b5.jpg,2673858770,0.0,0.0,0.0,0.0,0.0,0.0,0.0,0.0,0.0
dd1b1bd1cd71367c23f8d35105f2c578.jpg,1744207782,0.0,0.0,0.0,0.0,0.0,0.0,0.0,0.0,0.0
44a95ee0987bbc02193f16d949d4d591.jpg,3305282652,0.0,0.0,0.0,0.0,0.0,0.0,0.0,0.0,0.0
02a3ab241b2f467a109b41893de37f18.jpg,2518689634,0.0,0.0,0.0,0.0,0.0,0.0,0.0,0.0,0.0
851d4ed788a5b3e819252afe287f6b2d.jpg,2308093717,0.0,0.0,0.0,0.0,0.0,0.0,0.0,0.0,0.0
e55dcb8cfe202619701604cd0fe83b86.jpg,1583258854,0.0,0.0,0.0,0.0,0.0,0.0,0.0,0.0,0.0
aac0b7b316b0510989da1fdf64ce8117.jpg,2810672942,0.0,0.0,0.0,0.0,0.0,0.0,0.0,0.0,0.0
21ce28eb1376b1107bcdb48cf366b4e4.jpg,3577899516,0.0,0.0,0.0,0.0,0.0,0.0,0.0,0.0,0.0
9b54336502dbf5a9c7badfdb3dacba2c.jpg,3759425460,0.0,0.0,0.0,0.0,0.0,0.0,0.0,0.0,0.0
69d26ae44188b029868f1c193e9613aa.jpg,2022795701,0.0,0.0,0.0,0.0,0.0,0.0,0.0,0.0,0.0
76bed09b160bb0eb66f41517693826b6.jpg,3718514110,0.0,0.0,0.0,0.0,0.0,0.0,0.0,0.0,0.0
1fb6e80b6f53f9687224e257bf3b61f7.jpg,3227121134,0.0,0.0,0.0,0.0,0.0,0.0,0.0,0.0,0.0
35ac4b644ba853e545dc2f243f54b978.jpg,1213593010,0.0,0.0,0.0,0.0,0.0,0.0,0.0,0.0,0.0
82d2a1a44838c9727078fa9ac7e38d75.jpg,3645982713,0.0,0.0,0.0,0.0,0.0,0.0,0.0,0.0,0.0
cdb1322d001300370fe0cf828d0a6eb7.jpg,1562389066,0.0,0.0,0.0,0.0,0.0,0.0,0.0,0.0,0.0
d935b8661870f9d3958c13d2e7b298dc.jpg,78012204,0.0,0.0,0.0,0.0,0.0,0.0,0.0,0.0,0.0
ebe2c037f3e3e68dce18e2e07943a867.jpg,2975245347,0.0,0.0,0.0,0.0,0.0,0.0,0.0,0.0,0.0
be728214a5deaa1cc2f9a92a0f178287.jpg,2034462018,0.0,0.0,0.0,0.0,0.0,0.0,0.0,0.0,0.0
9a3b1d7809650408f03e051c82fb3f8e.jpg,3420770588,0.0,0.0,0.0,0.0,0.0,0.0,0.0,0.0,0.0
fc548a3c407349c3e200f95c958cca66.jpg,3172257152,0.0,0.0,0.0,0.0,0.0,0.0,0.0,0.0,0.0
25128cef1a5933daff065ec0afdfcbe9.jpg,35594944,0.0,0.0,0.0,0.0,0.0,0.0,0.0,0.0,0.0
ef14b26e749d17114edeeadb1fd5a387.jpg,1888738666,0.0,0.0,0.0,0.0,0.0,0.0,0.0,0.0,0.0
8a9e479bdd75e17e1001416617b2c9b5.jpg,2575632685,0.0,0.0,0.0,0.0,0.0,0.0,0.0,0.0,0.0
f32740c6071e8d28344d67f698a8aef3.jpg,1731627607,0.0,0.0,0.0,0.0,0.0,0.0,0.0,0.0,0.0
b366d7613c03a373ff12684f77611823.jpg,3458021642,0.0,0.0,0.0,0.0,0.0,0.0,0.0,0.0,0.0
3025262cc5d5299511d7b6a4e36640ab.jpg,1589287166,0.0,0.0,0.0,0.0,0.0,0.0,0.0,0.0,0.0
26429f38b40c32fe5e07e98b734606aa.jpg,3153179649,0.0,0.0,0.0,0.0,0.0,0.0,0.0,0.0,0.0
e53af377904f895ffd5883aa0f95c424.jpg,1217324497,1.0,1.0,0.3333,1.0,0.2,1.0,0.1,1.0,1.0
9ab67679462fea497d138c81a3ac86d8.jpg,726061721,0.0,0.0,0.0,0.0,0.0,0.0,0.0,0.0,0.0
a9518dbabd003a91354d28a5ae5b2481.jpg,2839256080,0.0,0.0,0.0,0.0,0.0,0.0,0.0,0.0,0.0
4b1f31be2f71ef65b034c4946b7b57cb.jpg,2664212114,0.0,0.0,0.0,0.0,0.0,0.0,0.0,0.0,0.0
b2a44cf8a508e99048f441f51e216df0.jpg,4156942622,0.0,0.0,0.0,0.0,0.0,0.0,0.0,0.0,0.0
e93d4e48532a27a4373e89a6b05babfa.jpg,2945881516,0.0,0.0,0.0,0.0,0.0,0.0,0.0,0.0,0.0
b2fa0366859f68a73a5f243a9d3e7c0a.jpg,1327940670,0.0,0.0,0.0,0.0,0.0,0.0,0.0,0.0,0.0
950bda6725504c6868fcc379ec4c53be.jpg,320752715,0.0,0.0,0.0,0.0,0.0,0.0,0.0,0.0,0.0
03f3b26cbe5419d68cb4eb8b06938741.jpg,2695556868,0.0,0.0,0.0,0.0,0.0,0.0,0.0,0.0,0.0
a3e54ef24f0196406f09b4bb0a3bc4db.jpg,3783430560,0.0,0.0,0.0,0.0,0.0,0.0,0.0,0.0,0.0
9736d7f7ca9cb6b92d1ad6be5a2c88b3.jpg,1827547982,0.0,0.0,0.0,0.0,0.0,0.0,0.0,0.0,0.0
9000460658f22175ba1097ea27baa960.jpg,1989088690,0.0,0.0,0.0,0.0,0.0,0.0,0.0,0.0,0.0
d80b84dcdd0977c566649645b746f347.jpg,1779940991,0.0,0.0,0.0,0.0,0.0,0.0,0.0,0.0,0.0
41405af5ce45f7e510495cf50d6622de.jpg,1381597103,0.0,0.0,0.0,0.0,0.0,0.0,0.0,0.0,0.0
9e3dade37e8bdee61449f956ec385a6d.jpg,448816431,0.0,0.0,0.0,0.0,0.0,0.0,0.0,0.0,0.0
10b9a25d3cb4d9e50089b957e6ce43ae.jpg,1932824351,0.0,0.0,0.0,0.0,0.0,0.0,0.0,0.0,0.0
59f978ed76af5a3f2d7f5f1e7225451c.jpg,411375215,0.0,0.0,0.0,0.0,0.0,0.0,0.0,0.0,0.0
da7cec9bdd668a799d7fb81c04b15e6e.jpg,384418268,0.0,0.0,0.0,0.0,0.0,0.0,0.0,0.0,0.0
dc726f00398a16943c1cceb94e7fdd85.jpg,1965214387,0.0,0.0,0.0,0.0,0.0,0.0,0.0,0.0,0.0
72c563ff9516687541b5316afe7bab92.jpg,2899887164,0.0,0.0,0.0,0.0,0.0,0.0,0.0,0.0,0.0
13488011d097f7cab54cf11cc5793b12.jpg,2273666591,0.0,0.0,0.0,0.0,0.0,0.0,0.0,0.0,0.0
a1d575798797a732d340b6905f6acfb9.jpg,2397699357,0.0,0.0,0.0,0.0,0.0,0.0,0.0,0.0,0.0
7fdc12349438d6ceea902fda12c27ad4.jpg,480632610,0.0,0.0,0.0,0.0,0.0,0.0,0.0,0.0,0.0
c5d5df3a4b0f72f342778e0f4182488f.jpg,553594330,0.0,0.0,0.0,0.0,0.0,0.0,0.0,0.0,0.0
a487343518247dfab2527f0cc8036f42.jpg,316889966,0.0,0.0,0.0,0.0,0.0,0.0,0.0,0.0,0.0
9c4746048acc078f7f5f5da93b2bf5fc.jpg,2332719836,0.0,0.0,0.0,0.0,0.0,0.0,0.0,0.0,0.0
cccb3c663800d4277dbcae0a26ebb51c.jpg,3113678103,0.0,0.0,0.0,0.0,0.0,0.0,0.0,0.0,0.0
1ffe2f6e0e4ea7864057c89e10cc1d8a.jpg,574812618,0.0,0.0,0.0,0.0,0.0,0.0,0.0,0.0,0.0
d2ad3bb1f0c43c35f1495961a37b3893.jpg,2748003083,0.0,0.0,0.0,0.0,0.0,0.0,0.0,0.0,0.0
52b22ebf8b67555551941f5f3d2502c6.jpg,1122594028,0.0,0.0,0.0,0.0,0.0,0.0,0.0,0.0,0.0
4ff2713e6f8ea15a53790a78b5cd1a5b.jpg,1455066942,0.0,0.0,0.0,0.0,0.0,0.0,0.0,0.0,0.0
6b77dbf01efc6230ee466bf82cb1c854.jpg,540189442,0.0,0.0,0.0,0.0,0.0,0.0,0.0,0.0,0.0
121ad07301a39776414d9449e169d988.jpg,1507619378,0.0,0.0,0.0,0.0,0.0,0.0,0.0,0.0,0.0
743dae2511448304d19362abc07e889c.jpg,4015090845,0.0,0.0,0.0,0.0,0.0,0.0,0.0,0.0,0.0
dd5c3099e561e8333020c4507cf7f4eb.jpg,4096197598,0.0,0.0,0.0,0.0,0.0,0.0,0.0,0.0,0.0
3373fe851adc6410218f2647d3893605.jpg,3624714500,0.0,0.0,0.0,0.0,0.0,0.0,0.0,0.0,0.0
440b019675ac2e617376f3c24195cd8d.jpg,3384883937,0.0,0.0,0.0,0.0,0.0,0.0,0.0,0.0,0.0
6d8de526df53eb21749cc0db4666f6d6.jpg,1290745258,0.0,0.0,0.0,0.0,0.0,0.0,0.0,0.0,0.0
8c79f5e57737e712428b009f3b811b29.jpg,3829989058,0.0,0.0,0.0,0.0,0.0,0.0,0.0,0.0,0.0
eae7e2d87a198441bd5faf7e6180904b.jpg,3322939993,0.0,0.0,0.0,0.0,0.0,0.0,0.0,0.0,0.0
2ffeaa43e659d72d7c30d7c9014cd192.jpg,769148288,0.0,0.0,0.0,0.0,0.0,0.0,0.0,0.0,0.0
f6e1ca46b456c5a5212dcb2bb7b77329.jpg,1779297273,0.0,0.0,0.0,0.0,0.0,0.0,0.0,0.0,0.0
355e3a30f4bbd4c847dab2516c5af958.jpg,1782988885,0.0,0.0,0.0,0.0,0.0,0.0,0.0,0.0,0.0
5a5b56405b4aca7c640b84a946a95077.jpg,474797793,0.0,0.0,0.0,0.0,0.0,0.0,0.0,0.0,0.0
b8383fa3d082e5336d6d32293a5fd6cc.jpg,3253353402,0.0,0.0,0.0,0.0,0.0,0.0,0.0,0.0,0.0
838cb20434bd55c4016621fca2032325.jpg,1015072454,0.0,0.0,0.0,0.0,0.0,0.0,0.0,0.0,0.0
be7042124ee277878145d6fbe0b9874f.jpg,73294293,0.0,0.0,0.0,0.0,0.0,0.0,0.0,0.0,0.0
8fb4095c355114490c996a51f72e7c19.jpg,1731307206,0.0,0.0,0.0,0.0,0.0,0.0,0.0,0.0,0.0
181962e767390e5f015f215f72afe027.jpg,2082727238,0.0,0.0,0.0,0.0,0.0,0.0,0.0,0.0,0.0
06d23527b587061356f605d3d8ed66f2.jpg,2683357169,0.0,0.0,0.0,0.0,0.0,0.0,0.0,0.0,0.0
c8121f7380f95fcc409c2c6b539b529d.jpg,1288220216,0.0,0.0,0.0,0.0,0.0,0.0,0.0,0.0,0.0
37ebb0e0cf5237a78e859fa349ff157a.jpg,2562722197,0.0,0.0,0.0,0.0,0.0,0.0,0.0,0.0,0.0
565bdb31ae3453b2a3cd0fe6ee6bd7ec.jpg,3198622941,0.0,0.0,0.0,0.0,0.0,0.0,0.0,0.0,0.0
4eda5760a75a9b6758136dc9dff6f386.jpg,3803186650,0.0,0.0,0.0,0.0,0.0,0.0,0.0,0.0,0.0
2a90f6a9e4997ca4ad4b7c26af29c9ed.jpg,1448322775,0.0,0.0,0.0,0.0,0.0,0.0,0.0,0.0,0.0
1bd4e41440aa82bcefc94133add5de4b.jpg,1097053761,0.0,0.0,0.0,0.0,0.0,0.0,0.0,0.0,0.0
206e4e7900ed028f70ca19daa22728de.jpg,1223373872,0.0,0.0,0.0,0.0,0.0,0.0,0.0,0.0,0.0
539ed37b68e3e832e97a24564096cecb.jpg,3004446693,0.0,0.0,0.0,0.0,0.0,0.0,0.0,0.0,0.0
01a7d6604bfe8074225b9447c8aacc87.jpg,1423655715,0.0,0.0,0.0,0.0,0.0,0.0,0.0,0.0,0.0
0bb47e2fc56c35f56f56ac2f7dc24bda.jpg,2956941947,0.0,0.0,0.0,0.0,0.0,0.0,0.0,0.0,0.0
bb215add46139b0c1060104e13630045.jpg,1611718867,0.0,0.0,0.0,0.0,0.0,0.0,0.0,0.0,0.0
2b0c7bded1d59c4c02bd9757b48ccc34.jpg,2593859070,0.0,0.0,0.0,0.0,0.0,0.0,0.0,0.0,0.0
3a7d4dfa170fcf50cff36a17e89d2f64.jpg,738090553,0.0,0.0,0.0,0.0,0.0,0.0,0.0,0.0,0.0
5e4b185c7d1255967891fe3b028262ea.jpg,2720884659,0.0,0.0,0.0,0.0,0.0,0.0,0.0,0.0,0.0
72e084b63356f498cb4643a897d37b90.jpg,1701040913,0.0,0.0,0.0,0.0,0.0,0.0,0.0,0.0,0.0
63a25db8eaee520b8e380a4a9fa4898b.jpg,1209949003,0.0,0.0,0.0,0.0,0.0,0.0,0.0,0.0,0.0
7404c0846d05bbb658364f1492b0d482.jpg,3614536240,0.0,0.0,0.0,0.0,0.0,0.0,0.0,0.0,0.0
e166086bab72864828934e717f4d93ac.jpg,410699040,0.0,0.0,0.0,0.0,0.0,0.0,0.0,0.0,0.0
d3f3c3959cecb4c64180b034e9338b7e.jpg,1591152872,0.0,0.0,0.0,0.0,0.0,0.0,0.0,0.0,0.0
2eed6d3a5c07a7f1952770ea339b74a4.jpg,4101480140,0.0,0.0,0.0,0.0,0.0,0.0,0.0,0.0,0.0
14d84ed1a6c78da17f560e16073cff24.jpg,2221880498,0.0,0.0,0.0,0.0,0.0,0.0,0.0,0.0,0.0
fe245442e10e66ed020623ef9768a8c1.jpg,990609101,0.0,0.0,0.0,0.0,0.0,0.0,0.0,0.0,0.0
1678ffdb87b6e03432fb8fd4a9f33a44.jpg,898058398,0.0,0.0,0.0,0.0,0.0,0.0,0.0,0.0,0.0
857ee069cd84a6793abf8ad0e5712fe6.jpg,2916792134,0.0,0.0,0.0,0.0,0.0,0.0,0.0,0.0,0.0
65074d99735706440949e4e8d3713860.jpg,3628969838,0.0,0.0,0.0,0.0,0.0,0.0,0.0,0.0,0.0
3de3b5942c321e9fd7d05f15493952e3.jpg,3322273848,0.0,0.0,0.0,0.0,0.0,0.0,0.0,0.0,0.0
1aabecc74fe46758a02fa62088f28ebd.jpg,3719335490,1.0,1.0,0.3333,1.0,0.2,1.0,0.1,1.0,1.0
75e01ead2556f2a1bcb26f1f52f1d62f.jpg,3603330933,0.0,0.0,0.0,0.0,0.0,0.0,0.0,0.0,0.0
78fecffa3db09747b605c043ec2794f4.jpg,2766674936,0.0,0.0,0.0,0.0,0.0,0.0,0.0,0.0,0.0
926edf50366767f6237e2ee6f3971c02.jpg,153145669,0.0,0.0,0.0,0.0,0.0,0.0,0.0,0.0,0.0
e242f927f3f10c73d040114d4615a366.jpg,1099725405,0.0,0.0,0.0,0.0,0.0,0.0,0.0,0.0,0.0
3ff21321ba43368b4358c4d9872bd2bc.jpg,3886786784,0.0,0.0,0.0,0.0,0.0,0.0,0.0,0.0,0.0
a91bd06dcc98a9a99371e89ee19c2665.jpg,2282883770,0.0,0.0,0.0,0.0,0.0,0.0,0.0,0.0,0.0
47bb6881869be104f0e50f1ad167721f.jpg,1287979806,0.0,0.0,0.0,0.0,0.0,0.0,0.0,0.0,0.0
f5d080314d79d4ad116477adb01e67d9.jpg,3798148356,0.0,0.0,0.0,0.0,0.0,0.0,0.0,0.0,0.0
f38a9ee0dad8d3ea4ed97350513eeace.jpg,4234465211,0.0,0.0,0.0,0.0,0.0,0.0,0.0,0.0,0.0
ab07695890ac2eaeb2349156e9cef195.jpg,293434992,0.0,0.0,0.0,0.0,0.0,0.0,0.0,0.0,0.0
8f2b9e8a050db967771715de3623223c.jpg,605914940,0.0,0.0,0.0,0.0,0.0,0.0,0.0,0.0,0.0
75aef68800ae873ca442d1da0a3fd1c3.jpg,3060733195,0.0,0.0,0.0,0.0,0.0,0.0,0.0,0.0,0.0
6df4d65e851ad5d35762e6ac398cc2d6.jpg,1969187860,0.0,0.0,0.0,0.0,0.0,0.0,0.0,0.0,0.0
3882d360bf603ccee787b2414b859462.jpg,392699942,0.0,0.0,0.0,0.0,0.0,0.0,0.0,0.0,0.0
f743fe5e9d7f61a73f66e01b8e732d70.jpg,2091870724,0.0,0.0,0.0,0.0,0.0,0.0,0.0,0.0,0.0
764704907b10c165652bce5928f0095c.jpg,3603582782,0.0,0.0,0.0,0.0,0.0,0.0,0.0,0.0,0.0
3882ff38c97dd1480b5317c780704a6d.jpg,407316877,0.0,0.0,0.0,0.0,0.0,0.0,0.0,0.0,0.0
0f183b28dae18ad305f53aab17877432.jpg,1496952524,0.0,0.0,0.0,0.0,0.0,0.0,0.0,0.0,0.0
b0a7be2bd699700e14a8f0752f703063.jpg,3116815297,0.0,0.0,0.0,0.0,0.0,0.0,0.0,0.0,0.0
5ec8ac04ed576bc361ac0a443e7506d6.jpg,1587964714,0.0,0.0,0.0,0.0,0.0,0.0,0.0,0.0,0.0
1208c7d51e35186a0ddd41288a6c575c.jpg,665433957,0.0,0.0,0.0,0.0,0.0,0.0,0.0,0.0,0.0
a612f18d9365173c7aaec7549493a208.jpg,50839031,0.0,0.0,0.0,0.0,0.0,0.0,0.0,0.0,0.0
d6631297f8c12d67d60ece6c207eaccd.jpg,249129492,0.0,0.0,0.0,0.0,0.0,0.0,0.0,0.0,0.0
767ec63b93c6d957ed98a87e057e9da3.jpg,2677457596,0.0,0.0,0.0,0.0,0.0,0.0,0.0,0.0,0.0
53153d02f1862a7f5503f09c5e67d0db.jpg,3858770915,0.0,0.0,0.0,0.0,0.0,0.0,0.0,0.0,0.0
22b2f1b46aa213fcf5374b91c8e9ab5f.jpg,2889106060,0.0,0.0,0.0,0.0,0.0,0.0,0.0,0.0,0.0
8208680ebab922b4bbe53c317e722fe0.jpg,3038200968,0.0,0.0,0.0,0.0,0.0,0.0,0.0,0.0,0.0
aae4f2aaacb6f44c013c3ea202d4ec89.jpg,2991455774,0.0,0.0,0.0,0.0,0.0,0.0,0.0,0.0,0.0
354dacf49707b841fcce2fdbd9ae6de1.jpg,2701338738,0.0,0.0,0.0,0.0,0.0,0.0,0.0,0.0,0.0
a90fc5a9f8a56e4e5b58f1c8ae39e93c.jpg,2167497065,0.0,0.0,0.0,0.0,0.0,0.0,0.0,0.0,0.0
d24269bffb23dd1fdd496815e0d7f41a.jpg,181399580,0.0,0.0,0.0,0.0,0.0,0.0,0.0,0.0,0.0
0b84be88f7b7bea4a3ff950f6c1f7cb4.jpg,3652282991,0.0,0.0,0.0,0.0,0.0,0.0,0.0,0.0,0.0
1c1d33054b04c37a4a6f95232d3302f2.jpg,3967663824,0.0,0.0,0.0,0.0,0.0,0.0,0.0,0.0,0.0
01d7467d3a19e469bf18a238db3198e1.jpg,3362885279,0.0,0.0,0.0,0.0,0.0,0.0,0.0,0.0,0.0
0ebee901faab5eb0156bcaf252d4c8c0.jpg,1980845703,0.0,0.0,0.0,0.0,0.0,0.0,0.0,0.0,0.0
5eb693e0844a919d7cc698451c4de5b1.jpg,3784808595,0.0,0.0,0.0,0.0,0.0,0.0,0.0,0.0,0.0
928bd6748da5e41b33630b18aaa678b2.jpg,3395654034,0.0,0.0,0.0,0.0,0.0,0.0,0.0,0.0,0.0
723dbe547fd89e35f99b3e33f0f001ba.jpg,1335545136,0.0,0.0,0.0,0.0,0.0,0.0,0.0,0.0,0.0
08aed0ed7dd28ab320f32e1926eeaff1.jpg,1848821749,0.0,0.0,0.0,0.0,0.0,0.0,0.0,0.0,0.0
c8c095dfa7f4ab6fa90371be68c66e4d.jpg,3470043457,0.0,0.0,0.0,0.0,0.0,0.0,0.0,0.0,0.0
787aa4e7148f66fe4d1a8412719e3f28.jpg,1154928830,0.0,0.0,0.0,0.0,0.0,0.0,0.0,0.0,0.0
d9074f43948053971953322ed8ddc2cf.jpg,1217324497,1.0,1.0,0.3333,1.0,0.2,1.0,0.1,1.0,1.0
5dccedfccca9a34d20dcc84f5fd02387.jpg,3172616505,0.0,0.0,0.0,0.0,0.0,0.0,0.0,0.0,0.0
752f6f11de7bb60ae0fe19cd8872d023.jpg,1783227262,0.0,0.0,0.0,0.0,0.0,0.0,0.0,0.0,0.0
92e44432f5b585a7c3d8f2f9af48ad57.jpg,3940247455,0.0,0.0,0.0,0.0,0.0,0.0,0.0,0.0,0.0
29e64aa2912362929a06ebd529b51e7d.jpg,3499914946,0.0,0.0,0.0,0.0,0.0,0.0,0.0,0.0,0.0
6d1280b73a961bbc5d6aec47c44e60a6.jpg,3557014848,0.0,0.0,0.0,0.0,0.0,0.0,0.0,0.0,0.0
2978a62e08d7ddfa97857c973abc160a.jpg,4213009176,0.0,0.0,0.0,0.0,0.0,0.0,0.0,0.0,0.0
227521a07e2ab258129adde2656efb56.jpg,2520693002,0.0,0.0,0.0,0.0,0.0,0.0,0.0,0.0,0.0
5637f91ea4ad270170537b7d6ca7745a.jpg,1507150010,0.0,0.0,0.0,0.0,0.0,0.0,0.0,0.0,0.0
1eaa378d9ac766e9ce03deac5485794c.jpg,1708622259,0.0,0.0,0.0,0.0,0.0,0.0,0.0,0.0,0.0
212424ec0f7886ceea1e262e6a254e8e.jpg,2299314811,0.0,0.0,0.0,0.0,0.0,0.0,0.0,0.0,0.0
de9cb896199bef3a2c9d1ce758f31ea3.jpg,1729543733,0.0,0.0,0.0,0.0,0.0,0.0,0.0,0.0,0.0
4f6d9369c02e3b6d26613e5f648934bc.jpg,2599972508,0.0,0.0,0.0,0.0,0.0,0.0,0.0,0.0,0.0
bfeb1e5ef69fd365be1e8203cc0827a7.jpg,618519444,0.0,0.0,0.0,0.0,0.0,0.0,0.0,0.0,0.0
5dbedf004def7843697a74d19795275e.jpg,342597810,0.0,0.0,0.0,0.0,0.0,0.0,0.0,0.0,0.0
5b54c316bfc8eb8710fdf3d4cc030600.jpg,2164641716,0.0,0.0,0.0,0.0,0.0,0.0,0.0,0.0,0.0
56fdfd1ccf37828cb9ac1d99bce00717.jpg,3390978883,0.0,0.0,0.0,0.0,0.0,0.0,0.0,0.0,0.0
f4dabc9c99c20b5e700e2a011b355880.jpg,1603219980,0.0,0.0,0.0,0.0,0.0,0.0,0.0,0.0,0.0
843118a7b95cc20ab5e64a818dd6cb3e.jpg,3452310926,0.0,0.0,0.0,0.0,0.0,0.0,0.0,0.0,0.0
82fa523ec9ddb232d5893d73ae268a15.jpg,713943303,0.0,0.0,0.0,0.0,0.0,0.0,0.0,0.0,0.0
9b6b6b89867737e52f163b9744db858b.jpg,4128099038,0.0,0.0,0.0,0.0,0.0,0.0,0.0,0.0,0.0
ff2a861823c1f558f416479119d43b7f.jpg,1531592305,0.0,0.0,0.0,0.0,0.0,0.0,0.0,0.0,0.0
25dfa18c7e7d2bd98edd9ebcf54e5b4d.jpg,4009087620,0.0,0.0,0.0,0.0,0.0,0.0,0.0,0.0,0.0
3694ac53029dc7e3cb909fd104a54339.jpg,2960997579,0.0,0.0,0.0,0.0,0.0,0.0,0.0,0.0,0.0
e621c8dc35bf7b59626394d0f737496a.jpg,1303460678,0.0,0.0,0.0,0.0,0.0,0.0,0.0,0.0,0.0
51de3ddc9714be0f7666ed3b8cb769e0.jpg,1770435786,0.0,0.0,0.0,0.0,0.0,0.0,0.0,0.0,0.0
b8f60731d114e64a9632ea63e0824066.jpg,695286866,0.0,0.0,0.0,0.0,0.0,0.0,0.0,0.0,0.0
343c23ef79ff256751ef5cdace149e1b.jpg,556780176,0.0,0.0,0.0,0.0,0.0,0.0,0.0,0.0,0.0
3a33a5df2e413a892a1419026f548c6e.jpg,4212482051,0.0,0.0,0.0,0.0,0.0,0.0,0.0,0.0,0.0
3d95868e0c01954f1c9ceb965faf2380.jpg,1525959724,0.0,0.0,0.0,0.0,0.0,0.0,0.0,0.0,0.0
4ba5fd666f06b124b15309ce7078ccf8.jpg,3715072838,0.0,0.0,0.0,0.0,0.0,0.0,0.0,0.0,0.0
2cf3dd096ff05a180ea8c977fba8c129.jpg,1245324503,0.0,0.0,0.0,0.0,0.0,0.0,0.0,0.0,0.0
894350f2db64908a122479d12e3b21d4.jpg,3673824327,0.0,0.0,0.0,0.0,0.0,0.0,0.0,0.0,0.0
d969afd70dd69f25a96b9d795774cb0a.jpg,2507534942,0.0,0.0,0.0,0.0,0.0,0.0,0.0,0.0,0.0
b4995592e68fed9b7f412fb45590c00e.jpg,2403758388,0.0,0.0,0.0,0.0,0.0,0.0,0.0,0.0,0.0
ddc579b837390fd5782af1484d3cbe55.jpg,3002881326,0.0,0.0,0.0,0.0,0.0,0.0,0.0,0.0,0.0
89385b32eab0af2dbb2ef1eb6066adb3.jpg,1334659868,0.0,0.0,0.0,0.0,0.0,0.0,0.0,0.0,0.0
04106bbabca50fec42c39649e5af0857.jpg,506635365,0.0,0.0,0.0,0.0,0.0,0.0,0.0,0.0,0.0
d543fc8f4e028aba0d641fd1a70ee9b8.jpg,3239439580,0.0,0.0,0.0,0.0,0.0,0.0,0.0,0.0,0.0
98bf5d23e528f783cbb84f0879c5f40f.jpg,3785947300,0.0,0.0,0.0,0.0,0.0,0.0,0.0,0.0,0.0
54d232a0102bedb41644ec52a790f5c6.jpg,3019587064,1.0,1.0,0.3333,1.0,0.2,1.0,0.1,1.0,1.0
935e8e5e88e4e5ddcda8c953b6979c20.jpg,225255019,0.0,0.0,0.0,0.0,0.0,0.0,0.0,0.0,0.0
71459a675cf2390b352298bf1cd5a557.jpg,494127345,0.0,0.0,0.0,0.0,0.0,0.0,0.0,0.0,0.0
1c873ec592d825fd7c41dd719a3ea30e.jpg,3346361757,0.0,0.0,0.0,0.0,0.0,0.0,0.0,0.0,0.0
f0655e534a12aa7f5c27219efe63feb6.jpg,1117688849,0.0,0.0,0.0,0.0,0.0,0.0,0.0,0.0,0.0
fb3a1e0de1a5678d51bdcdee9e737f44.jpg,3176460569,0.0,0.0,0.0,0.0,0.0,0.0,0.0,0.0,0.0
0ae2a9aa00c9327239f9216c060e085a.jpg,1713520364,0.0,0.0,0.0,0.0,0.0,0.0,0.0,0.0,0.0
6356826dad2272c102248daa59b16473.jpg,2834073373,0.0,0.0,0.0,0.0,0.0,0.0,0.0,0.0,0.0
51666aece67a31ed5e269f4f2767b327.jpg,1698326880,0.0,0.0,0.0,0.0,0.0,0.0,0.0,0.0,0.0
efba0d9a6234a78526b0b01acf5a2849.jpg,2970350839,0.0,0.0,0.0,0.0,0.0,0.0,0.0,0.0,0.0
7b9a93a5bd54e2d0d02775362d2d2a5e.jpg,2033752485,0.0,0.0,0.0,0.0,0.0,0.0,0.0,0.0,0.0
0052b0b2e8233836f2875a14a9808b92.jpg,1632207687,0.0,0.0,0.0,0.0,0.0,0.0,0.0,0.0,0.0
44c8def4d34ea14d2d6591655a35d279.jpg,3897529496,0.0,0.0,0.0,0.0,0.0,0.0,0.0,0.0,0.0
de62b58b0c6b036d899e7e55dac4bd3a.jpg,1407880300,0.0,0.0,0.0,0.0,0.0,0.0,0.0,0.0,0.0
da6ff937ee3f11c78242aa19c4e25668.jpg,2438732135,0.0,0.0,0.0,0.0,0.0,0.0,0.0,0.0,0.0
67aae921a1a525e06d9b536075eca13b.jpg,3597285832,0.0,0.0,0.0,0.0,0.0,0.0,0.0,0.0,0.0
ff9ce31c31c3cc4ae6ad41e4683db007.jpg,4147939271,0.0,0.0,0.0,0.0,0.0,0.0,0.0,0.0,0.0
64d25b97f2ee3c34f01e4dfaa534070d.jpg,2978786714,0.0,0.0,0.0,0.0,0.0,0.0,0.0,0.0,0.0
329846922328f20ecb61dc85ead805e8.jpg,1770408995,0.0,0.0,0.0,0.0,0.0,0.0,0.0,0.0,0.0
9b4b13ebde80703050bed2f1b4646a32.jpg,3018290992,0.0,0.0,0.0,0.0,0.0,0.0,0.0,0.0,0.0
a985c85f6b3198f14d354738f53142ee.jpg,2897940671,0.0,0.0,0.0,0.0,0.0,0.0,0.0,0.0,0.0
a3fbf7739885781bcfb8026b77cea8fb.jpg,984941223,0.0,0.0,0.0,0.0,0.0,0.0,0.0,0.0,0.0
aa9e7ce959160f8ba7e61ce6bab2a3cd.jpg,544684590,0.0,0.0,0.0,0.0,0.0,0.0,0.0,0.0,0.0
51296d17142b41e4149c5d4ca75b1112.jpg,3407470422,0.0,0.0,0.0,0.0,0.0,0.0,0.0,0.0,0.0
9b358f3fc3dd0666702d27f2638ce55e.jpg,3623740237,0.0,0.0,0.0,0.0,0.0,0.0,0.0,0.0,0.0
661270792c4082d924729232259e7956.jpg,699162785,0.0,0.0,0.0,0.0,0.0,0.0,0.0,0.0,0.0
6e79e2d624fa6a6727d760f6e4b4ff6d.jpg,1807305889,0.0,0.0,0.0,0.0,0.0,0.0,0.0,0.0,0.0
8b2f94f001b425a49adb82490d501f13.jpg,2367644009,0.0,0.0,0.0,0.0,0.0,0.0,0.0,0.0,0.0
c7d609066a6bf16a814775f8d8e9243f.jpg,179698337,0.0,0.0,0.0,0.0,0.0,0.0,0.0,0.0,0.0
23d49879255addaf54f6cc83c8096b02.jpg,3325918244,0.0,0.0,0.0,0.0,0.0,0.0,0.0,0.0,0.0
c051e2f2709464351a7f03918345847f.jpg,2404069120,0.0,0.0,0.0,0.0,0.0,0.0,0.0,0.0,0.0
c8134de8c00cc4657f41eab30be471e3.jpg,3332994000,0.0,0.0,0.0,0.0,0.0,0.0,0.0,0.0,0.0
4ed0010bc0433a0bb441ee63f6e7ce6b.jpg,695973918,0.0,0.0,0.0,0.0,0.0,0.0,0.0,0.0,0.0
afe2bc85303c09ba7d9a9eefd00186b8.jpg,3024671252,0.0,0.0,0.0,0.0,0.0,0.0,0.0,0.0,0.0
94853c1e9c0ef9fd6398aef69eb243c9.jpg,2498542265,0.0,0.0,0.0,0.0,0.0,0.0,0.0,0.0,0.0
60b61b0e04f59c99fb417651ccfb6fe6.jpg,847839152,0.0,0.0,0.0,0.0,0.0,0.0,0.0,0.0,0.0
1f5eee7207c3fecedcd93987261f06ac.jpg,3299126623,0.0,0.0,0.0,0.0,0.0,0.0,0.0,0.0,0.0
797f62244a6a22c80057552dba5282be.jpg,2457927751,0.0,0.0,0.0,0.0,0.0,0.0,0.0,0.0,0.0
ac32ba16f7e49036a49aca5df6661836.jpg,2564217190,0.0,0.0,0.0,0.0,0.0,0.0,0.0,0.0,0.0
704fb67c074aa6af6273e67b1dcfac45.jpg,1222775276,0.0,0.0,0.0,0.0,0.0,0.0,0.0,0.0,0.0
f8f1b6bd6f0ffbf8c2f201ebe4a4667a.jpg,1392546127,0.0,0.0,0.0,0.0,0.0,0.0,0.0,0.0,0.0
1ccddeac8b0fd6e8b40dc3d71ed217c9.jpg,1515820910,0.0,0.0,0.0,0.0,0.0,0.0,0.0,0.0,0.0
9c7f1975a337f54c18d168b2eb61f7d5.jpg,2919415931,0.0,0.0,0.0,0.0,0.0,0.0,0.0,0.0,0.0
681afa4ea4e476c7b459bfb763ffb947.jpg,37319298,0.0,0.0,0.0,0.0,0.0,0.0,0.0,0.0,0.0
89fa8a8faec73312a2dd8c4db3af76ec.jpg,1190047533,0.0,0.0,0.0,0.0,0.0,0.0,0.0,0.0,0.0
e18bd4aef2e93147b6d6ebb244417ab7.jpg,59226203,0.0,0.0,0.0,0.0,0.0,0.0,0.0,0.0,0.0
fa595a768c5b32cf760db0ca6bd8460d.jpg,3513317853,0.0,0.0,0.0,0.0,0.0,0.0,0.0,0.0,0.0
10c6a05de7947e97874d200aea0fd6dd.jpg,69923982,0.0,0.0,0.0,0.0,0.0,0.0,0.0,0.0,0.0
f5e4fe1cc51cc93d0e50ca63bf928d82.jpg,834066355,0.0,0.0,0.0,0.0,0.0,0.0,0.0,0.0,0.0
96857e686e2f2df563ed54b57786e9cb.jpg,3988305205,0.0,0.0,0.0,0.0,0.0,0.0,0.0,0.0,0.0
15c8e9306de497519106d67edb23462e.jpg,1232051693,0.0,0.0,0.0,0.0,0.0,0.0,0.0,0.0,0.0
50eb646bfb341785e2f96a670c5ff377.jpg,564444803,0.0,0.0,0.0,0.0,0.0,0.0,0.0,0.0,0.0
f8cf0f936fb5e9140a9ee038af8eb947.jpg,2082551079,0.0,0.0,0.0,0.0,0.0,0.0,0.0,0.0,0.0
caf35f516975068ada72d7a4666ad83f.jpg,3498630557,0.0,0.0,0.0,0.0,0.0,0.0,0.0,0.0,0.0
8f06597ccbf21b87c0e9014ecf7b42a8.jpg,1076961511,0.0,0.0,0.0,0.0,0.0,0.0,0.0,0.0,0.0
677d2320dfd7060713fc3218cf21081c.jpg,3000452258,0.0,0.0,0.0,0.0,0.0,0.0,0.0,0.0,0.0
1b5320bafde8c8fc0235afc65c0fce98.jpg,3579283796,0.0,0.0,0.0,0.0,0.0,0.0,0.0,0.0,0.0
d49a75385196cd78313e0f142fc6bfa9.jpg,461100795,0.0,0.0,0.0,0.0,0.0,0.0,0.0,0.0,0.0
a5f8ebe894e1d9c0da734f523af7c85b.jpg,1948943003,0.0,0.0,0.0,0.0,0.0,0.0,0.0,0.0,0.0
efbc6e80b49bf8baacffb68688b1a217.jpg,1366924307,0.0,0.0,0.0,0.0,0.0,0.0,0.0,0.0,0.0
9a09c9d517c92e0572e46a57bec51ade.jpg,1088087475,0.0,0.0,0.0,0.0,0.0,0.0,0.0,0.0,0.0
2d03996cca822674674a985f48078500.jpg,2799192943,0.0,0.0,0.0,0.0,0.0,0.0,0.0,0.0,0.0
125e3629dd9a497f4d826536631eff55.jpg,479122246,0.0,0.0,0.0,0.0,0.0,0.0,0.0,0.0,0.0
7ae0bab977c873ef8a254aeb04ada8f2.jpg,4284331646,0.0,0.0,0.0,0.0,0.0,0.0,0.0,0.0,0.0
8073c769b8af17ff1c7b500fb54791dc.jpg,1108453094,0.0,0.0,0.0,0.0,0.0,0.0,0.0,0.0,0.0
55c5280324546e43ddbcbd12e983adeb.jpg,3198659855,0.0,0.0,0.0,0.0,0.0,0.0,0.0,0.0,0.0
d312648e81a9bfe5e1ae16b17221d910.jpg,1408508460,0.0,0.0,0.0,0.0,0.0,0.0,0.0,0.0,0.0
970df8070f667a1c0fc2115b2e0b15e3.jpg,74390002,0.0,0.0,0.0,0.0,0.0,0.0,0.0,0.0,0.0
d8718f472cf1be184ab1824051337f83.jpg,3700689114,0.0,0.0,0.0,0.0,0.0,0.0,0.0,0.0,0.0
73cc8b5883961d0bd0393695f01fd13a.jpg,2882575498,0.0,0.0,0.0,0.0,0.0,0.0,0.0,0.0,0.0
27bed0a73cce8e0673887eda345626ee.jpg,3253012520,0.0,0.0,0.0,0.0,0.0,0.0,0.0,0.0,0.0
806c22f4c6102d105a07660888df537e.jpg,3702002140,0.0,0.0,0.0,0.0,0.0,0.0,0.0,0.0,0.0
5ab97954edce543dba327c2497fd2f86.jpg,1341102124,0.0,0.0,0.0,0.0,0.0,0.0,0.0,0.0,0.0
dbcf68bc8d5fcb5e91e1abb2e2890bc9.jpg,400535003,0.0,0.0,0.0,0.0,0.0,0.0,0.0,0.0,0.0
60fb6a5bb740bc7fee1fa392f998719c.jpg,2789809344,0.0,0.0,0.0,0.0,0.0,0.0,0.0,0.0,0.0
18a7992ac03d03fcf4581332ff6272e9.jpg,250851738,0.0,0.0,0.0,0.0,0.0,0.0,0.0,0.0,0.0
3df1c072d8ff94fe0f6309be4ba8b6e7.jpg,692289450,0.0,0.0,0.0,0.0,0.0,0.0,0.0,0.0,0.0
5e134ea2a0fbb27f9dbcb025009e84c2.jpg,892414009,0.0,0.0,0.0,0.0,0.0,0.0,0.0,0.0,0.0
38547c8bf6d152bcfd59c6eaa2d3afbc.jpg,4130632003,0.0,0.0,0.0,0.0,0.0,0.0,0.0,0.0,0.0
a3d4c2620cedc33dc3e2c48572760fde.jpg,2405668221,0.0,0.0,0.0,0.0,0.0,0.0,0.0,0.0,0.0
f8787579f8b445d4c063f6759e83f4dc.jpg,4077671296,0.0,0.0,0.0,0.0,0.0,0.0,0.0,0.0,0.0
ff62e3ad221c4b091650c9ab66fe25b2.jpg,1684569558,0.0,0.0,0.0,0.0,0.0,0.0,0.0,0.0,0.0
ed217e0d825fa07942794c84fd08d48b.jpg,4185794721,0.0,0.0,0.0,0.0,0.0,0.0,0.0,0.0,0.0
09561b842daef385636ead89177af1a0.jpg,2459323567,0.0,0.0,0.0,0.0,0.0,0.0,0.0,0.0,0.0
60d51735bfba41206b2282ce04538cc6.jpg,1457899692,0.0,0.0,0.0,0.0,0.0,0.0,0.0,0.0,0.0
35ba391ad9685b02d86c24a5e8727e10.jpg,950756299,0.0,0.0,0.0,0.0,0.0,0.0,0.0,0.0,0.0
af461e48047e3689841d01713077b39f.jpg,199282612,0.0,0.0,0.0,0.0,0.0,0.0,0.0,0.0,0.0
3e64bcf0f68a86bd562b6f45be0cc30e.jpg,1553075002,0.0,0.0,0.0,0.0,0.0,0.0,0.0,0.0,0.0
44010ffdc7d5c10212a077384a6002c5.jpg,3337049311,0.0,0.0,0.0,0.0,0.0,0.0,0.0,0.0,0.0
079a0797bf9aa528762211206cab25d5.jpg,4100189183,0.0,0.0,0.0,0.0,0.0,0.0,0.0,0.0,0.0
366ea0001d840dfa39bf4f2981904093.jpg,2359590024,0.0,0.0,0.0,0.0,0.0,0.0,0.0,0.0,0.0
e393b596ceb91e1f28c3a81c1030cead.jpg,816065745,0.0,0.0,0.0,0.0,0.0,0.0,0.0,0.0,0.0
afbb7628308d9743b530cf5dd8e73eed.jpg,153828083,0.0,0.0,0.0,0.0,0.0,0.0,0.0,0.0,0.0
209fa207bda5ffb33c364dd9f81cb1f7.jpg,3660863051,0.0,0.0,0.0,0.0,0.0,0.0,0.0,0.0,0.0
6722cbe79b99e0a3d46785bf3ec92cf7.jpg,2867962563,0.0,0.0,0.0,0.0,0.0,0.0,0.0,0.0,0.0
1824f0c9bfcd4b2705c06f3ff0f36592.jpg,1853864003,0.0,0.0,0.0,0.0,0.0,0.0,0.0,0.0,0.0
a18ae4b1a9712b98936a85bf6833f1e4.jpg,3019587064,1.0,1.0,0.3333,1.0,0.2,1.0,0.1,1.0,1.0
062f953544732d620d8d8c50a89e4cef.jpg,3337341827,0.0,0.0,0.0,0.0,0.0,0.0,0.0,0.0,0.0
a85bba0ee2701d790b833dd8d2925427.jpg,217804619,0.0,0.0,0.0,0.0,0.0,0.0,0.0,0.0,0.0
ce25b8d8b56e2039113cf7069d9a2ea5.jpg,4079802210,0.0,0.0,0.0,0.0,0.0,0.0,0.0,0.0,0.0
b239c842dacb39c7458985c3bc73c7b0.jpg,3912654752,0.0,0.0,0.0,0.0,0.0,0.0,0.0,0.0,0.0
03eb9a2871862b37dfa375d3f830655a.jpg,355303141,0.0,0.0,0.0,0.0,0.0,0.0,0.0,0.0,0.0
3f3bdbcce0bc979f1aaa2256f4493727.jpg,1115565398,0.0,0.0,0.0,0.0,0.0,0.0,0.0,0.0,0.0
360124ba1848d6bbb16015f3f8f4a433.jpg,2066936253,0.0,0.0,0.0,0.0,0.0,0.0,0.0,0.0,0.0
bce2c942c4b4c1c9b737eb1b74db8cdb.jpg,3044955701,0.0,0.0,0.0,0.0,0.0,0.0,0.0,0.0,0.0
235e43cb263c898b2f5506c6c254b385.jpg,272260650,0.0,0.0,0.0,0.0,0.0,0.0,0.0,0.0,0.0
bc4cf1fbca61bb5d21dcba3a2699eca8.jpg,4105481468,0.0,0.0,0.0,0.0,0.0,0.0,0.0,0.0,0.0
1490777d0246c968da8c1d3da5b62ea7.jpg,1842799615,0.0,0.0,0.0,0.0,0.0,0.0,0.0,0.0,0.0
10b6d6ea9af13c90e5c4858018903458.jpg,1118969583,0.0,0.0,0.0,0.0,0.0,0.0,0.0,0.0,0.0
1eb95fe8b781b14fe073f010582b6db2.jpg,978796186,0.0,0.0,0.0,0.0,0.0,0.0,0.0,0.0,0.0
e7c66279918fa554d356b8420f7c6e92.jpg,820152861,0.0,0.0,0.0,0.0,0.0,0.0,0.0,0.0,0.0
5dea163e8bfbd804ccebf536f23b6d5a.jpg,2086243199,0.0,0.0,0.0,0.0,0.0,0.0,0.0,0.0,0.0
bfc2bfbc75269f5718a775bb46bb4a00.jpg,1337487625,0.0,0.0,0.0,0.0,0.0,0.0,0.0,0.0,0.0
ef593714e0b5a173eb4ff8ccbd7ed7df.jpg,142105411,0.0,0.0,0.0,0.0,0.0,0.0,0.0,0.0,0.0
010a545fc688209139e44078cfa0e6f0.jpg,3375312423,0.0,0.0,0.0,0.0,0.0,0.0,0.0,0.0,0.0
cb2329252aedd1d4278d17e56af4da71.jpg,1660633098,0.0,0.0,0.0,0.0,0.0,0.0,0.0,0.0,0.0
0a89ebf4cca24103ba02090271f3900e.jpg,3338868957,0.0,0.0,0.0,0.0,0.0,0.0,0.0,0.0,0.0
a82c8f2c6a9391ef7b401ae27e185136.jpg,1097669915,0.0,0.0,0.0,0.0,0.0,0.0,0.0,0.0,0.0
adce5185e3ae7fd2d620e44f284fffff.jpg,2358552491,0.0,0.0,0.0,0.0,0.0,0.0,0.0,0.0,0.0
ce3f4901f89fe5a4c91856d16ae9785c.jpg,224901683,0.0,0.0,0.0,0.0,0.0,0.0,0.0,0.0,0.0
5652d82625695eb9f2d54a954482ba57.jpg,2814469339,0.0,0.0,0.0,0.0,0.0,0.0,0.0,0.0,0.0
43fc0f4d8fe75981d5d52d69c013dba2.jpg,3484002768,0.0,0.0,0.0,0.0,0.0,0.0,0.0,0.0,0.0
24ee79afec2bed2d0e7311369fc6672e.jpg,886896495,0.0,0.0,0.0,0.0,0.0,0.0,0.0,0.0,0.0
6fc5eda3ab0f5e719f8d2e3cd19e3760.jpg,2513567591,0.0,0.0,0.0,0.0,0.0,0.0,0.0,0.0,0.0
5fe01ec8a8b65025434fe383da36ff27.jpg,3667991484,0.0,0.0,0.0,0.0,0.0,0.0,0.0,0.0,0.0
86c0a257cdea00d926127e9992f8614a.jpg,2420040880,0.0,0.0,0.0,0.0,0.0,0.0,0.0,0.0,0.0
387b9fb596cbdd930041bb107b96866d.jpg,2526814759,0.0,0.0,0.0,0.0,0.0,0.0,0.0,0.0,0.0
a1a22dd26c47345273332f87b4f15ce9.jpg,290747084,0.0,0.0,0.0,0.0,0.0,0.0,0.0,0.0,0.0
e34c2ae3ac4282487d781682ba99ef4d.jpg,620695276,0.0,0.0,0.0,0.0,0.0,0.0,0.0,0.0,0.0
eb5400a31497339ca70b8313742d8273.jpg,465521228,0.0,0.0,0.0,0.0,0.0,0.0,0.0,0.0,0.0
afb6c5d170b9b78d3c800d33e0dbc086.jpg,3119110974,0.0,0.0,0.0,0.0,0.0,0.0,0.0,0.0,0.0
bfb80d2161df930b5708b6c7c165c35e.jpg,4036364070,0.0,0.0,0.0,0.0,0.0,0.0,0.0,0.0,0.0
076f04e02a413111336abf780d20e3e8.jpg,2133079047,0.0,0.0,0.0,0.0,0.0,0.0,0.0,0.0,0.0
b7673264d241f37ad852757cbf01785c.jpg,952831962,0.0,0.0,0.0,0.0,0.0,0.0,0.0,0.0,0.0
58175f99021b5d7dd4a2073ef5ad1577.jpg,1520676304,0.0,0.0,0.0,0.0,0.0,0.0,0.0,0.0,0.0
f9fa4c40df35741776a864a0cbbfcc8f.jpg,2634819658,0.0,0.0,0.0,0.0,0.0,0.0,0.0,0.0,0.0
86d6c41a40f2220d79dd1c856aa15352.jpg,2884995539,0.0,0.0,0.0,0.0,0.0,0.0,0.0,0.0,0.0
39fe7c4fca9751c227c5f6aa0f109101.jpg,1626993273,0.0,0.0,0.0,0.0,0.0,0.0,0.0,0.0,0.0
81a6d0ddefc850b836fbc54b0430478a.jpg,1640450784,0.0,0.0,0.0,0.0,0.0,0.0,0.0,0.0,0.0
0d3f7ce032045c711573e57fe25267a3.jpg,3637565297,0.0,0.0,0.0,0.0,0.0,0.0,0.0,0.0,0.0
140307212aee229b3fef373f9be67c3d.jpg,2728669124,0.0,0.0,0.0,0.0,0.0,0.0,0.0,0.0,0.0
78e06b368386a3329955d08eb81fcae3.jpg,2043791023,0.0,0.0,0.0,0.0,0.0,0.0,0.0,0.0,0.0
8f9c77acb075b7d39e11d4abfe619d52.jpg,2883803884,0.0,0.0,0.0,0.0,0.0,0.0,0.0,0.0,0.0
893bc2e791b83d6dc4e31a02b5caa3d6.jpg,1132134655,0.0,0.0,0.0,0.0,0.0,0.0,0.0,0.0,0.0
1d93ec46533c1d34945e70577b161bf8.jpg,3243846557,0.0,0.0,0.0,0.0,0.0,0.0,0.0,0.0,0.0
09a07ed4b682c8a5996898a4bb411621.jpg,747415817,0.0,0.0,0.0,0.0,0.0,0.0,0.0,0.0,0.0
950f647bce2330a486bd310d0e31300f.jpg,4186213629,0.0,0.0,0.0,0.0,0.0,0.0,0.0,0.0,0.0
b884922d1f45e554424add6c2300cb76.jpg,1377769136,0.0,0.0,0.0,0.0,0.0,0.0,0.0,0.0,0.0
478f230f3a256e2afd98801f591ab137.jpg,1247415713,0.0,0.0,0.0,0.0,0.0,0.0,0.0,0.0,0.0
ca37003e19abd3b6a6705af092eb3a1c.jpg,1705608239,0.0,0.0,0.0,0.0,0.0,0.0,0.0,0.0,0.0
ae00a3c364ffd8bdd7f5ef4e17a1890f.jpg,3993420682,0.0,0.0,0.0,0.0,0.0,0.0,0.0,0.0,0.0
20f07037aa19940a164122dd518bcb29.jpg,1118262008,0.0,0.0,0.0,0.0,0.0,0.0,0.0,0.0,0.0
74d1e5b951f586e3f3fe5076673722e5.jpg,1622689831,0.0,0.0,0.0,0.0,0.0,0.0,0.0,0.0,0.0
e5f25045e269ea2f1862c2de4af3cbdc.jpg,3936003968,0.0,0.0,0.0,0.0,0.0,0.0,0.0,0.0,0.0
6754999969515690893f3bbff2e612c2.jpg,3585699133,0.0,0.0,0.0,0.0,0.0,0.0,0.0,0.0,0.0
5c5a0a3c07c15eacc9ef4d566288b98b.jpg,3630392389,0.0,0.0,0.0,0.0,0.0,0.0,0.0,0.0,0.0
67afcd2752bf22a1c3c38ecde4f812b9.jpg,3624350101,0.0,0.0,0.0,0.0,0.0,0.0,0.0,0.0,0.0
151591740a11b0d0db4f476b6fc3a572.jpg,3860919709,0.0,0.0,0.0,0.0,0.0,0.0,0.0,0.0,0.0
e9249d9f5ca1bd273b1ebaab2f3ccffe.jpg,400071366,0.0,0.0,0.0,0.0,0.0,0.0,0.0,0.0,0.0
3c3cfd863f852ef2d4c1ea5cff3a47fc.jpg,1103215281,0.0,0.0,0.0,0.0,0.0,0.0,0.0,0.0,0.0
428cbd4c009fe0462c97dfb81508bae5.jpg,3726039725,0.0,0.0,0.0,0.0,0.0,0.0,0.0,0.0,0.0
4b20369615d53313b365f6f93a29d230.jpg,2663692815,0.0,0.0,0.0,0.0,0.0,0.0,0.0,0.0,0.0
b54de2d0608a91634cce8d0062179b41.jpg,1216969735,0.0,0.0,0.0,0.0,0.0,0.0,0.0,0.0,0.0
36aa9a60c5d1bf1cf5d952780dcf221b.jpg,856048725,0.0,0.0,0.0,0.0,0.0,0.0,0.0,0.0,0.0
0cfbc0c5fd626dc38256357192fb51ce.jpg,1188436229,0.0,0.0,0.0,0.0,0.0,0.0,0.0,0.0,0.0
ec3f79cc13aa5c965a09a492ec00ff1e.jpg,34039445,0.0,0.0,0.0,0.0,0.0,0.0,0.0,0.0,0.0
06d159e07614245cc45c432c6bb04f8a.jpg,4088867424,0.0,0.0,0.0,0.0,0.0,0.0,0.0,0.0,0.0
66c4f4cec07e163353dcb6e33b352344.jpg,642820680,0.0,0.0,0.0,0.0,0.0,0.0,0.0,0.0,0.0
3219e06a9c2638df59b71204a4b60e2a.jpg,1742550190,0.0,0.0,0.0,0.0,0.0,0.0,0.0,0.0,0.0
cf72fa028334aa9869b946533f984b2b.jpg,1344355875,0.0,0.0,0.0,0.0,0.0,0.0,0.0,0.0,0.0
d73574842e358e9123e472831db5b126.jpg,932097139,0.0,0.0,0.0,0.0,0.0,0.0,0.0,0.0,0.0
9134fcb7177c6b5e83148cc978ee92cd.jpg,1115765031,0.0,0.0,0.0,0.0,0.0,0.0,0.0,0.0,0.0
5f0f98cbc710cb7b64ef8d7c43b37429.jpg,1190530548,0.0,0.0,0.0,0.0,0.0,0.0,0.0,0.0,0.0
4bdac8aa3c7355cdea2df8402243de85.jpg,341435629,0.0,0.0,0.0,0.0,0.0,0.0,0.0,0.0,0.0
7cd83d8898b29eb36c9e5e6600b51ed7.jpg,541349321,0.0,0.0,0.0,0.0,0.0,0.0,0.0,0.0,0.0
8d1cea1e0edc19440872cd77036a409f.jpg,2938099178,0.0,0.0,0.0,0.0,0.0,0.0,0.0,0.0,0.0
f301c5588374112ef25a46364e6dd9f7.jpg,792156508,0.0,0.0,0.0,0.0,0.0,0.0,0.0,0.0,0.0
5aa7e08c092b6e93d8d952b87c05cb84.jpg,2049141115,0.0,0.0,0.0,0.0,0.0,0.0,0.0,0.0,0.0
8108fba66fd062d2ac3bb84fa7b0ea49.jpg,80347885,0.0,0.0,0.0,0.0,0.0,0.0,0.0,0.0,0.0
5dbe67a82b85e2dc79b86cb0e2b8d986.jpg,3587241263,0.0,0.0,0.0,0.0,0.0,0.0,0.0,0.0,0.0
f27a2fbc0d0dfdd60f531ee2f0c2c4bd.jpg,4229237230,0.0,0.0,0.0,0.0,0.0,0.0,0.0,0.0,0.0
e72a425e5657cdbfcfcb1270cd55bd48.jpg,1221286361,0.0,0.0,0.0,0.0,0.0,0.0,0.0,0.0,0.0
606dc1640424341b163f7753bce0ecdd.jpg,3277021281,0.0,0.0,0.0,0.0,0.0,0.0,0.0,0.0,0.0
0bdee588aa853dcdfe81950c01b9e24e.jpg,2679993696,0.0,0.0,0.0,0.0,0.0,0.0,0.0,0.0,0.0
9e011b9f79285ddd67d8737423c682a6.jpg,1956690507,0.0,0.0,0.0,0.0,0.0,0.0,0.0,0.0,0.0
fe50be564725318bb3fa82cd26a389ad.jpg,1887467014,0.0,0.0,0.0,0.0,0.0,0.0,0.0,0.0,0.0
e163670245769b3e0dec905153b36591.jpg,3129947853,0.0,0.0,0.0,0.0,0.0,0.0,0.0,0.0,0.0
0ea5130fcfb89ab13aadde60d5ef9d96.jpg,2905783318,0.0,0.0,0.0,0.0,0.0,0.0,0.0,0.0,0.0
d830ab5da54c6c4d0af1cd14fa988e5e.jpg,3238571002,0.0,0.0,0.0,0.0,0.0,0.0,0.0,0.0,0.0
eb61ae0b82e91dd66c9581c3927faef6.jpg,2868616103,0.0,0.0,0.0,0.0,0.0,0.0,0.0,0.0,0.0
282f75dccfb50e1bc86818f430ab1a76.jpg,599988605,0.0,0.0,0.0,0.0,0.0,0.0,0.0,0.0,0.0
8fca4754fbbe60004460a9c90f183e68.jpg,3636925263,0.0,0.0,0.0,0.0,0.0,0.0,0.0,0.0,0.0
5c15ad6e468d2faa2eec95cbbb7bdb7a.jpg,2599755121,0.0,0.0,0.0,0.0,0.0,0.0,0.0,0.0,0.0
cc3bda5bec36dc2e6c419fc07ed63691.jpg,1727226116,0.0,0.0,0.0,0.0,0.0,0.0,0.0,0.0,0.0
bdcc0213c64a33829408fc9464ecf3e0.jpg,895231642,0.0,0.0,0.0,0.0,0.0,0.0,0.0,0.0,0.0
0bf37b80d89a79b33f306bc4750577d4.jpg,3349661367,0.0,0.0,0.0,0.0,0.0,0.0,0.0,0.0,0.0
f7d529f76269626d65183df3d0129196.jpg,348155390,0.0,0.0,0.0,0.0,0.0,0.0,0.0,0.0,0.0
6ea02276b54ff5f5149ebdafcc158350.jpg,3424313238,0.0,0.0,0.0,0.0,0.0,0.0,0.0,0.0,0.0
1c9f07d4be9913fa5117443a22524f86.jpg,2166433088,0.0,0.0,0.0,0.0,0.0,0.0,0.0,0.0,0.0
6a4e90bb7ce342a8df2d9e65c286c3b9.jpg,3756458081,0.0,0.0,0.0,0.0,0.0,0.0,0.0,0.0,0.0
074ec0becce1a9ab91b822148054bf59.jpg,2880882957,0.0,0.0,0.0,0.0,0.0,0.0,0.0,0.0,0.0
c2ca61cff7e79bff3aa73b588beefe8e.jpg,3958670145,0.0,0.0,0.0,0.0,0.0,0.0,0.0,0.0,0.0
6f6dd66596fe3c53c4e0db8ca1e86a17.jpg,289038806,0.0,0.0,0.0,0.0,0.0,0.0,0.0,0.0,0.0
05a9e8b2f138603a17576a9d786a1bd0.jpg,1211845219,0.0,0.0,0.0,0.0,0.0,0.0,0.0,0.0,0.0
94c0d5b82ee5d64af9f600e891765455.jpg,1117821553,0.0,0.0,0.0,0.0,0.0,0.0,0.0,0.0,0.0
a5a2c4abbc8ed04542763bf63f68f826.jpg,2856557907,0.0,0.0,0.0,0.0,0.0,0.0,0.0,0.0,0.0
7440c4af06038b1f6b955bf3f4121bbc.jpg,1006632886,0.0,0.0,0.0,0.0,0.0,0.0,0.0,0.0,0.0
4dd2690fb7deaf01df05ad96efb3bb4f.jpg,2864073974,0.0,0.0,0.0,0.0,0.0,0.0,0.0,0.0,0.0
d77c6ba9a190fcc6c3a9888de593154a.jpg,910820249,0.0,0.0,0.0,0.0,0.0,0.0,0.0,0.0,0.0
af074a0f4d2b1f0f8efe5fcf55cc3e78.jpg,2888255229,0.0,0.0,0.0,0.0,0.0,0.0,0.0,0.0,0.0
04c74e78e5b038a71a84533df3cfa9a4.jpg,3460538113,0.0,0.0,0.0,0.0,0.0,0.0,0.0,0.0,0.0
168c48d0bba69277eea0270e2c4f5b6b.jpg,201951127,0.0,0.0,0.0,0.0,0.0,0.0,0.0,0.0,0.0
f92a4bc04c8041ef0f7d709ea062ada2.jpg,3479259768,0.0,0.0,0.0,0.0,0.0,0.0,0.0,0.0,0.0
40d0c86b872344db064692bcd837117a.jpg,3080243086,0.0,0.0,0.0,0.0,0.0,0.0,0.0,0.0,0.0
83ea5e2464d0bc97cff05b0ff4dd54f8.jpg,3356237226,0.0,0.0,0.0,0.0,0.0,0.0,0.0,0.0,0.0
930ca54ea608f8b4782ee05417337641.jpg,2056012577,0.0,0.0,0.0,0.0,0.0,0.0,0.0,0.0,0.0
909e2e12cc111c98ff563975ee2e7be6.jpg,2198349260,0.0,0.0,0.0,0.0,0.0,0.0,0.0,0.0,0.0
27817a447a2d3a88556e8a05a3dc331d.jpg,277379401,0.0,0.0,0.0,0.0,0.0,0.0,0.0,0.0,0.0
ddd386c097c8a93ca27e75ac4258cbf0.jpg,681061245,0.0,0.0,0.0,0.0,0.0,0.0,0.0,0.0,0.0
