method,image,label_group,AP,Precision@1,Recall@1,Precision@3,Recall@3,Precision@5,Recall@5,Precision@10,Recall@10
ResNet50 + Cosine brute-force,48bd37700cb4d84a7a30e364505a9adc.jpg,3893786536,1.0,1.0,1.0,0.3333,1.0,0.2,1.0,0.1,1.0
ResNet50 + Cosine brute-force,9c95c4fc5d37a29af29f14c0e4d4596e.jpg,1126912250,1.0,1.0,1.0,0.3333,1.0,0.2,1.0,0.1,1.0
ResNet50 + Cosine brute-force,0e2e9f8ea4e877e0482cf14f7a9de1c8.jpg,1151643989,1.0,1.0,1.0,0.3333,1.0,0.2,1.0,0.1,1.0
ResNet50 + Cosine brute-force,0831db0b54ec0db05651ba29fd814826.jpg,2966681171,1.0,1.0,1.0,0.3333,1.0,0.2,1.0,0.1,1.0
ResNet50 + Cosine brute-force,337a6857ba721ac3518fddcdba0bcc2f.jpg,4043587155,1.0,1.0,1.0,0.3333,1.0,0.2,1.0,0.1,1.0
ResNet50 + Cosine brute-force,c80345c0455e501242fbd24cbace2771.jpg,1722311799,0.0,0.0,0.0,0.0,0.0,0.0,0.0,0.0,0.0
ResNet50 + Cosine brute-force,58dff560fab0c99920652e3c70c6cf44.jpg,459746904,1.0,1.0,1.0,0.3333,1.0,0.2,1.0,0.1,1.0
ResNet50 + Cosine brute-force,fb6e05a208d82c3f6acdf6e4f2c9a209.jpg,1937048978,0.0,0.0,0.0,0.0,0.0,0.0,0.0,0.0,0.0
ResNet50 + Cosine brute-force,3f327bc2eff59085bd1d7ddc5f1c04ca.jpg,2121822798,0.25,0.0,0.0,0.0,0.0,0.2,1.0,0.1,1.0
ResNet50 + Cosine brute-force,d3d5e259450a5829ced451fc3d8209c6.jpg,1341700491,1.0,1.0,1.0,0.3333,1.0,0.2,1.0,0.1,1.0
ResNet50 + Cosine brute-force,f44efbc2ae1d6d48db59a275e982b7b6.jpg,100773610,0.5,0.0,0.0,0.3333,1.0,0.2,1.0,0.1,1.0
ResNet50 + Cosine brute-force,fe51927a0c10f82767f87ca8007a1200.jpg,467475402,1.0,1.0,1.0,0.3333,1.0,0.2,1.0,0.1,1.0
ResNet50 + Cosine brute-force,69ac09780bb4a044f93dc57d3923d5a1.jpg,1714128186,1.0,1.0,1.0,0.3333,1.0,0.2,1.0,0.1,1.0
ResNet50 + Cosine brute-force,6a99c59ef704fbcc67f921b265f9626e.jpg,2025865799,1.0,1.0,1.0,0.3333,1.0,0.2,1.0,0.1,1.0
ResNet50 + Cosine brute-force,5c2681090246612680c0d79e924e526f.jpg,85583521,1.0,1.0,1.0,0.3333,1.0,0.2,1.0,0.1,1.0
ResNet50 + Cosine brute-force,d3fc53f2471cddbfacbf2b1b13bcf92b.jpg,3197346856,1.0,1.0,1.0,0.3333,1.0,0.2,1.0,0.1,1.0
ResNet50 + Cosine brute-force,8ee65c87c3952e20282679ed640aa62e.jpg,4050048689,1.0,1.0,1.0,0.3333,1.0,0.2,1.0,0.1,1.0
ResNet50 + Cosine brute-force,ac7c7e1c1d58689b7846ec9550b77969.jpg,3688346948,1.0,1.0,1.0,0.3333,1.0,0.2,1.0,0.1,1.0
ResNet50 + Cosine brute-force,d567b04b23cd781690917625f1d4d71b.jpg,3287944109,0.0,0.0,0.0,0.0,0.0,0.0,0.0,0.0,0.0
ResNet50 + Cosine brute-force,067c4ddb61ccc1f70f496e6fc357ea77.jpg,1595881498,1.0,1.0,1.0,0.3333,1.0,0.2,1.0,0.1,1.0
ResNet50 + Cosine brute-force,3f9da216af7236f0532f532d864f771a.jpg,2308364661,1.0,1.0,1.0,0.3333,1.0,0.2,1.0,0.1,1.0
ResNet50 + Cosine brute-force,27559d776f179771fbb7a988174931f5.jpg,2308364661,1.0,1.0,1.0,0.3333,1.0,0.2,1.0,0.1,1.0
ResNet50 + Cosine brute-force,a733a0ccc1e536593c7ab5014111479a.jpg,324843646,0.1111,0.0,0.0,0.0,0.0,0.0,0.0,0.1,1.0
ResNet50 + Cosine brute-force,ee9b222f589d8d37196ef43fc95caf99.jpg,2497751413,1.0,1.0,1.0,0.3333,1.0,0.2,1.0,0.1,1.0
ResNet50 + Cosine brute-force,8a2c405f24a3310c0148b273351dc29c.jpg,2937570906,1.0,1.0,1.0,0.3333,1.0,0.2,1.0,0.1,1.0
ResNet50 + Cosine brute-force,5c42b80743a25dc5ce3bb62069d258c5.jpg,2403853885,1.0,1.0,1.0,0.3333,1.0,0.2,1.0,0.1,1.0
ResNet50 + Cosine brute-force,52b21dd99f7c663b4b4ebd8332219f2e.jpg,2204320243,1.0,1.0,1.0,0.3333,1.0,0.2,1.0,0.1,1.0
ResNet50 + Cosine brute-force,ed78290e6172d08f42734115d2f3181e.jpg,3527526514,0.1429,0.0,0.0,0.0,0.0,0.0,0.0,0.1,1.0
ResNet50 + Cosine brute-force,aed64caa79bf3b290c9d06903955c14c.jpg,3010010739,1.0,1.0,1.0,0.3333,1.0,0.2,1.0,0.1,1.0
ResNet50 + Cosine brute-force,7db9260cdf06b79a6d59777781bc82c5.jpg,3348084900,1.0,1.0,1.0,0.3333,1.0,0.2,1.0,0.1,1.0
ResNet50 + Cosine brute-force,798773ddd9aeff338bdb58a394e31c87.jpg,3868704829,1.0,1.0,1.0,0.3333,1.0,0.2,1.0,0.1,1.0
ResNet50 + Cosine brute-force,3c111bfe6f146462d970e10a27cbc9fe.jpg,2769714447,1.0,1.0,1.0,0.3333,1.0,0.2,1.0,0.1,1.0
ResNet50 + Cosine brute-force,e81b42b31a7a81e2ae99909b65ff9ba5.jpg,4253826862,1.0,1.0,1.0,0.3333,1.0,0.2,1.0,0.1,1.0
ResNet50 + Cosine brute-force,c751da49d8ce69e9428d6fe6cdd90d29.jpg,2478430102,0.5,0.0,0.0,0.3333,1.0,0.2,1.0,0.1,1.0
ResNet50 + Cosine brute-force,f1fb75a3c4b203567990095d3168faa3.jpg,3236159568,0.2,0.0,0.0,0.0,0.0,0.2,1.0,0.1,1.0
ResNet50 + Cosine brute-force,861a9d2c239456b401aa1be2fcd06230.jpg,3322338488,1.0,1.0,1.0,0.3333,1.0,0.2,1.0,0.1,1.0
ResNet50 + Cosine brute-force,7fb59152211a5932dadb7d64dd56b4bc.jpg,1595881498,1.0,1.0,1.0,0.3333,1.0,0.2,1.0,0.1,1.0
ResNet50 + Cosine brute-force,fd9d2faa4c7d56e0c5c9727a5568e475.jpg,3117416408,0.0,0.0,0.0,0.0,0.0,0.0,0.0,0.0,0.0
ResNet50 + Cosine brute-force,150240b095540301e5469e27a4c59950.jpg,1892041516,1.0,1.0,1.0,0.3333,1.0,0.2,1.0,0.1,1.0
ResNet50 + Cosine brute-force,b1387e704e45fec7d3622bbf212536ad.jpg,1237870527,1.0,1.0,1.0,0.3333,1.0,0.2,1.0,0.1,1.0
ResNet50 + Cosine brute-force,95d5ab07446e321c32fdad84a14bccd1.jpg,1284560630,0.3333,0.0,0.0,0.3333,1.0,0.2,1.0,0.1,1.0
ResNet50 + Cosine brute-force,34cf9563166563562634876c92f80cbd.jpg,2131121318,0.0,0.0,0.0,0.0,0.0,0.0,0.0,0.0,0.0
ResNet50 + Cosine brute-force,00e65d8466dfdaa6e120f9630acd0a95.jpg,3411023097,1.0,1.0,1.0,0.3333,1.0,0.2,1.0,0.1,1.0
ResNet50 + Cosine brute-force,9193bd89bfc4487ba6fcdc0ab27a56e1.jpg,777055482,1.0,1.0,1.0,0.3333,1.0,0.2,1.0,0.1,1.0
ResNet50 + Cosine brute-force,7f5ce2bf3d17108923f56a717308edd9.jpg,4257355866,1.0,1.0,1.0,0.3333,1.0,0.2,1.0,0.1,1.0
ResNet50 + Cosine brute-force,05864fb95cc126433f0298db01b9edd6.jpg,2937570906,1.0,1.0,1.0,0.3333,1.0,0.2,1.0,0.1,1.0
ResNet50 + Cosine brute-force,e8ba330ebe10bc5e5a4539b7c5f7b810.jpg,467237087,1.0,1.0,1.0,0.3333,1.0,0.2,1.0,0.1,1.0
ResNet50 + Cosine brute-force,eccf3f72191b2cc3a330c80a1bc7a8e4.jpg,4044229306,1.0,1.0,1.0,0.3333,1.0,0.2,1.0,0.1,1.0
ResNet50 + Cosine brute-force,71a89c0b2202f22e5173acd0ca807b32.jpg,1815501716,1.0,1.0,1.0,0.3333,1.0,0.2,1.0,0.1,1.0
ResNet50 + Cosine brute-force,f6bfca7ec7d8dd813b7b70571648c825.jpg,2284020704,1.0,1.0,1.0,0.3333,1.0,0.2,1.0,0.1,1.0
ResNet50 + Cosine brute-force,e33194d50c339816323cd672d4bd9003.jpg,1126912250,1.0,1.0,1.0,0.3333,1.0,0.2,1.0,0.1,1.0
ResNet50 + Cosine brute-force,4516844e46bf1449c7007b666f4669e8.jpg,3766516310,1.0,1.0,1.0,0.3333,1.0,0.2,1.0,0.1,1.0
ResNet50 + Cosine brute-force,1a8f90243931c23699f26588a2c29f75.jpg,2406872845,1.0,1.0,1.0,0.3333,1.0,0.2,1.0,0.1,1.0
ResNet50 + Cosine brute-force,d59dc789aa632791de0133af8324cee6.jpg,2759050553,0.0,0.0,0.0,0.0,0.0,0.0,0.0,0.0,0.0
ResNet50 + Cosine brute-force,e9aa3c2e123d2d17df1fdea8aa112bff.jpg,3793406295,1.0,1.0,1.0,0.3333,1.0,0.2,1.0,0.1,1.0
ResNet50 + Cosine brute-force,071ea84454bc185f05e4c6dfc56d19c4.jpg,971745133,0.2,0.0,0.0,0.0,0.0,0.2,1.0,0.1,1.0
ResNet50 + Cosine brute-force,4eb4fa079b70c07c68f931fb12d6a748.jpg,1337881232,1.0,1.0,1.0,0.3333,1.0,0.2,1.0,0.1,1.0
ResNet50 + Cosine brute-force,a8b968d518efb5e71f4b986e01654186.jpg,99699720,0.0,0.0,0.0,0.0,0.0,0.0,0.0,0.0,0.0
ResNet50 + Cosine brute-force,2a4b62c70cead37a25b9c3735d7ae660.jpg,2054351556,0.5,0.0,0.0,0.3333,1.0,0.2,1.0,0.1,1.0
ResNet50 + Cosine brute-force,2bf196d183f4c05ed3d2dfa89dc1f134.jpg,1232051693,1.0,1.0,1.0,0.3333,1.0,0.2,1.0,0.1,1.0
ResNet50 + Cosine brute-force,5630c90fae23346b7275fd3fbb2aae64.jpg,4050048689,1.0,1.0,1.0,0.3333,1.0,0.2,1.0,0.1,1.0
ResNet50 + Cosine brute-force,e2cd3d5695cd69ff0b51c5e1a715fdef.jpg,937525808,1.0,1.0,1.0,0.3333,1.0,0.2,1.0,0.1,1.0
ResNet50 + Cosine brute-force,35ea932ada9c49545ac858037faaf0c1.jpg,3023899558,0.0,0.0,0.0,0.0,0.0,0.0,0.0,0.0,0.0
ResNet50 + Cosine brute-force,67597a709ae9ea012be834b4b3fbeb84.jpg,886336390,1.0,1.0,1.0,0.3333,1.0,0.2,1.0,0.1,1.0
ResNet50 + Cosine brute-force,a2d5b19fe0bc2289196c5b4980a5b882.jpg,1232051693,1.0,1.0,1.0,0.3333,1.0,0.2,1.0,0.1,1.0
ResNet50 + Cosine brute-force,96f3d034deab05fbc94e0f1e367d4a69.jpg,3500184040,1.0,1.0,1.0,0.3333,1.0,0.2,1.0,0.1,1.0
ResNet50 + Cosine brute-force,96e9da714f43e16d3577c0a384a0a20f.jpg,1341700491,1.0,1.0,1.0,0.3333,1.0,0.2,1.0,0.1,1.0
ResNet50 + Cosine brute-force,37e268deca5a6a4ded08e4ab85a2fa07.jpg,2336088560,1.0,1.0,1.0,0.3333,1.0,0.2,1.0,0.1,1.0
ResNet50 + Cosine brute-force,ab1ccf6b4b9e396f7aaaac2dfad1d053.jpg,2168147177,0.5,0.0,0.0,0.3333,1.0,0.2,1.0,0.1,1.0
ResNet50 + Cosine brute-force,13591df414af2f45b20ff61d2fda7d48.jpg,2442811041,1.0,1.0,1.0,0.3333,1.0,0.2,1.0,0.1,1.0
ResNet50 + Cosine brute-force,8e27f260e631bdf3776806783ff4246b.jpg,2274307664,0.5,0.0,0.0,0.3333,1.0,0.2,1.0,0.1,1.0
ResNet50 + Cosine brute-force,8df8bc50405858438a99064265dfc208.jpg,1553075002,0.1,0.0,0.0,0.0,0.0,0.0,0.0,0.1,1.0
ResNet50 + Cosine brute-force,8be3a2526dfa635241dc9506be0c833f.jpg,4030752903,0.3333,0.0,0.0,0.3333,1.0,0.2,1.0,0.1,1.0
ResNet50 + Cosine brute-force,176941fc1ec3602f26bf4367975f48b4.jpg,2660884517,1.0,1.0,1.0,0.3333,1.0,0.2,1.0,0.1,1.0
ResNet50 + Cosine brute-force,640ce27e489c63eaea85844ee413739d.jpg,3287944109,0.1429,0.0,0.0,0.0,0.0,0.0,0.0,0.1,1.0
ResNet50 + Cosine brute-force,37eea0783e292655054b8972be557e70.jpg,3182355207,1.0,1.0,1.0,0.3333,1.0,0.2,1.0,0.1,1.0
ResNet50 + Cosine brute-force,ffb1b1f43e86256cceda23f6d342f845.jpg,583498879,1.0,1.0,1.0,0.3333,1.0,0.2,1.0,0.1,1.0
ResNet50 + Cosine brute-force,721c6a01535edf3e6dc397a25f5d88f5.jpg,2121822798,0.1429,0.0,0.0,0.0,0.0,0.0,0.0,0.1,1.0
ResNet50 + Cosine brute-force,440b3db780acba84dcfd49b3f9546548.jpg,381150737,1.0,1.0,1.0,0.3333,1.0,0.2,1.0,0.1,1.0
ResNet50 + Cosine brute-force,7bbc057904178c94e7907d65c8b6dd0b.jpg,125084078,1.0,1.0,1.0,0.3333,1.0,0.2,1.0,0.1,1.0
ResNet50 + Cosine brute-force,38c298d76d6b528a7e820714ac1c6eef.jpg,2966681171,0.3333,0.0,0.0,0.3333,1.0,0.2,1.0,0.1,1.0
ResNet50 + Cosine brute-force,e998e65f487bd3e5c74db49456dc3763.jpg,4228329503,1.0,1.0,1.0,0.3333,1.0,0.2,1.0,0.1,1.0
ResNet50 + Cosine brute-force,706839dce1c8e6d32c1c0ef4a87d17ce.jpg,1175071127,1.0,1.0,1.0,0.3333,1.0,0.2,1.0,0.1,1.0
ResNet50 + Cosine brute-force,52740351f0358bf7701c1e43b15ef340.jpg,2478430102,1.0,1.0,1.0,0.3333,1.0,0.2,1.0,0.1,1.0
ResNet50 + Cosine brute-force,bad552fbb9f90ea395a56e8bc0735547.jpg,2241813300,1.0,1.0,1.0,0.3333,1.0,0.2,1.0,0.1,1.0
ResNet50 + Cosine brute-force,18c14e5ed6b6bd735b09035500d63b38.jpg,2410084117,0.0,0.0,0.0,0.0,0.0,0.0,0.0,0.0,0.0
ResNet50 + Cosine brute-force,0052b0b2e8233836f2875a14a9808b92.jpg,1632207687,0.3333,0.0,0.0,0.3333,1.0,0.2,1.0,0.1,1.0
ResNet50 + Cosine brute-force,22eb6403e793d8cac0c1d473f6b89bc1.jpg,1815501716,1.0,1.0,1.0,0.3333,1.0,0.2,1.0,0.1,1.0
ResNet50 + Cosine brute-force,d25109d013f695c825c889cfc2b4bc9e.jpg,4159093852,1.0,1.0,1.0,0.3333,1.0,0.2,1.0,0.1,1.0
ResNet50 + Cosine brute-force,1b9c0ccfcc434c8e16580899b2e980eb.jpg,115650745,1.0,1.0,1.0,0.3333,1.0,0.2,1.0,0.1,1.0
ResNet50 + Cosine brute-force,99cd05d5e5b4abc1f96264216975f89d.jpg,1187866411,0.25,0.0,0.0,0.0,0.0,0.2,1.0,0.1,1.0
ResNet50 + Cosine brute-force,db6005bcf280aba6cc429d3264adf7b0.jpg,2841123105,1.0,1.0,1.0,0.3333,1.0,0.2,1.0,0.1,1.0
ResNet50 + Cosine brute-force,8e8ed7e86be442d8f2298597c36b07a4.jpg,876262420,1.0,1.0,1.0,0.3333,1.0,0.2,1.0,0.1,1.0
ResNet50 + Cosine brute-force,d4dbd1b71070f54d3dd72cd4633ccfe1.jpg,1417510413,1.0,1.0,1.0,0.3333,1.0,0.2,1.0,0.1,1.0
ResNet50 + Cosine brute-force,203a14f9a81b84e3af08f3d48eabe2a2.jpg,4280826664,0.5,0.0,0.0,0.3333,1.0,0.2,1.0,0.1,1.0
ResNet50 + Cosine brute-force,7daf326ed31670249c6a5c8f2dc2a7da.jpg,1886504359,1.0,1.0,1.0,0.3333,1.0,0.2,1.0,0.1,1.0
ResNet50 + Cosine brute-force,ffd5c0e8087f6acaabdbdf35de71f626.jpg,1019668446,1.0,1.0,1.0,0.3333,1.0,0.2,1.0,0.1,1.0
ResNet50 + Cosine brute-force,596c609e670e8fd1dc2563e3726888ce.jpg,2423745444,1.0,1.0,1.0,0.3333,1.0,0.2,1.0,0.1,1.0
ResNet50 + Cosine brute-force,091333e287b5107ae2b5f176ff5d0144.jpg,3052340347,1.0,1.0,1.0,0.3333,1.0,0.2,1.0,0.1,1.0
ResNet50 + Cosine brute-force,400ce1f92ddbb6a863ab29da6936a341.jpg,731765393,0.0,0.0,0.0,0.0,0.0,0.0,0.0,0.0,0.0
ResNet50 + Cosine brute-force,e9ff9934f6279cd45dbbb0ee3b4bb8cc.jpg,1848313115,1.0,1.0,1.0,0.3333,1.0,0.2,1.0,0.1,1.0
ResNet50 + Cosine brute-force,1b08ddbb4d225c66da2a5cedb3814cf9.jpg,2630790066,1.0,1.0,1.0,0.3333,1.0,0.2,1.0,0.1,1.0
ResNet50 + Cosine brute-force,1e233aeefbab5dc40cb82bced4a6e10b.jpg,99699720,0.0,0.0,0.0,0.0,0.0,0.0,0.0,0.0,0.0
ResNet50 + Cosine brute-force,14e8abcbebe162b9b32bc941bbc97d32.jpg,3023899558,0.0,0.0,0.0,0.0,0.0,0.0,0.0,0.0,0.0
ResNet50 + Cosine brute-force,e0f06bf6c0bc3339296136cf79798220.jpg,3322338488,1.0,1.0,1.0,0.3333,1.0,0.2,1.0,0.1,1.0
ResNet50 + Cosine brute-force,77a7ff29bd0457355dc0e9c205ff0179.jpg,3446176643,0.25,0.0,0.0,0.0,0.0,0.2,1.0,0.1,1.0
ResNet50 + Cosine brute-force,1136001a5ba2350ab905ab36c454c476.jpg,3925735308,0.5,0.0,0.0,0.3333,1.0,0.2,1.0,0.1,1.0
ResNet50 + Cosine brute-force,89ec7fd9a485e253ab4158f23cf01786.jpg,3424313238,0.5,0.0,0.0,0.3333,1.0,0.2,1.0,0.1,1.0
ResNet50 + Cosine brute-force,8ea1a9a37d2552844a30a028342a744c.jpg,3924716875,1.0,1.0,1.0,0.3333,1.0,0.2,1.0,0.1,1.0
ResNet50 + Cosine brute-force,5572152db409282cd39412464ab84d9c.jpg,3114936592,1.0,1.0,1.0,0.3333,1.0,0.2,1.0,0.1,1.0
ResNet50 + Cosine brute-force,76b594fe5882e2e46abc24e8aee370b9.jpg,732573709,0.0,0.0,0.0,0.0,0.0,0.0,0.0,0.0,0.0
ResNet50 + Cosine brute-force,07e130a2369bd30c351a43982d8eae69.jpg,1119404634,1.0,1.0,1.0,0.3333,1.0,0.2,1.0,0.1,1.0
ResNet50 + Cosine brute-force,6e54bbf4c1e255d199feeb2e2fb652f1.jpg,3348084900,0.5,0.0,0.0,0.3333,1.0,0.2,1.0,0.1,1.0
ResNet50 + Cosine brute-force,a01bb048ee24ba9f37bdb17003ea382a.jpg,1081804406,1.0,1.0,1.0,0.3333,1.0,0.2,1.0,0.1,1.0
ResNet50 + Cosine brute-force,9779d9f35ee4d97e79a4d2d9f7108ebc.jpg,125084078,1.0,1.0,1.0,0.3333,1.0,0.2,1.0,0.1,1.0
ResNet50 + Cosine brute-force,26fc263ea893527fb4f3272a17b71349.jpg,324843646,0.5,0.0,0.0,0.3333,1.0,0.2,1.0,0.1,1.0
ResNet50 + Cosine brute-force,77a3f38175655fe81c1fdc312df7069c.jpg,1627524293,0.5,0.0,0.0,0.3333,1.0,0.2,1.0,0.1,1.0
ResNet50 + Cosine brute-force,3c6d0c3cdfb1eb96f6305bebdd930c92.jpg,986838970,0.0,0.0,0.0,0.0,0.0,0.0,0.0,0.0,0.0
ResNet50 + Cosine brute-force,8349b86d24cc90e43fd2690de8974193.jpg,2558401176,1.0,1.0,1.0,0.3333,1.0,0.2,1.0,0.1,1.0
ResNet50 + Cosine brute-force,411b8840fe9c745ab1116aa88cd8a9a6.jpg,3224850644,0.5,0.0,0.0,0.3333,1.0,0.2,1.0,0.1,1.0
ResNet50 + Cosine brute-force,70c961543e43790f9e0b1762b114c963.jpg,3014041297,0.0,0.0,0.0,0.0,0.0,0.0,0.0,0.0,0.0
ResNet50 + Cosine brute-force,e81c4c37935faa6c31a2ff62b9cb8d1b.jpg,3820915938,1.0,1.0,1.0,0.3333,1.0,0.2,1.0,0.1,1.0
ResNet50 + Cosine brute-force,1efcb7c507558f36d9f283221524ceb5.jpg,2241813300,1.0,1.0,1.0,0.3333,1.0,0.2,1.0,0.1,1.0
ResNet50 + Cosine brute-force,fc61f3cafc576a6597f6db7d81cfe149.jpg,3458180255,1.0,1.0,1.0,0.3333,1.0,0.2,1.0,0.1,1.0
ResNet50 + Cosine brute-force,f19defb38b6dae31abdfa1e063d99544.jpg,232333234,1.0,1.0,1.0,0.3333,1.0,0.2,1.0,0.1,1.0
ResNet50 + Cosine brute-force,38c70a48ac1706b01c9806d3d2a5a757.jpg,1163728238,0.5,0.0,0.0,0.3333,1.0,0.2,1.0,0.1,1.0
ResNet50 + Cosine brute-force,70185275ef6614e782925ba90a42e00a.jpg,1061022174,1.0,1.0,1.0,0.3333,1.0,0.2,1.0,0.1,1.0
ResNet50 + Cosine brute-force,33858e08f173ace6f91a730d9d9c28b1.jpg,338163236,0.0,0.0,0.0,0.0,0.0,0.0,0.0,0.0,0.0
ResNet50 + Cosine brute-force,a078c53e42e6158aa7ba674f3c93b34d.jpg,1996577230,1.0,1.0,1.0,0.3333,1.0,0.2,1.0,0.1,1.0
ResNet50 + Cosine brute-force,413c2f22a908672fd809d7ab86b05e49.jpg,4263247011,0.0,0.0,0.0,0.0,0.0,0.0,0.0,0.0,0.0
ResNet50 + Cosine brute-force,e8a2e11911c7233e6e218eccd89c8aa0.jpg,3688346948,1.0,1.0,1.0,0.3333,1.0,0.2,1.0,0.1,1.0
ResNet50 + Cosine brute-force,34c559c58162fbb412e1575510502ccc.jpg,3565319599,1.0,1.0,1.0,0.3333,1.0,0.2,1.0,0.1,1.0
ResNet50 + Cosine brute-force,12b919994b5020fc69d52b971d1c6a0e.jpg,1710630792,0.0,0.0,0.0,0.0,0.0,0.0,0.0,0.0,0.0
ResNet50 + Cosine brute-force,23bd1843974b78c52a2256829fb650b7.jpg,191088936,1.0,1.0,1.0,0.3333,1.0,0.2,1.0,0.1,1.0
ResNet50 + Cosine brute-force,214e43b8acf809c2f725125de68cd874.jpg,1273665242,0.1111,0.0,0.0,0.0,0.0,0.0,0.0,0.1,1.0
ResNet50 + Cosine brute-force,332b00c1a7a33bcef1c2388d18597751.jpg,3446176643,0.25,0.0,0.0,0.0,0.0,0.2,1.0,0.1,1.0
ResNet50 + Cosine brute-force,aff34d9ce5881420af880d378821a488.jpg,3793406295,1.0,1.0,1.0,0.3333,1.0,0.2,1.0,0.1,1.0
ResNet50 + Cosine brute-force,a121ca3f1211b12bd63ea55f21d1b554.jpg,1081804406,1.0,1.0,1.0,0.3333,1.0,0.2,1.0,0.1,1.0
ResNet50 + Cosine brute-force,2d6efcc5e304e8d8bc660e8cc6e3672f.jpg,162033517,0.0,0.0,0.0,0.0,0.0,0.0,0.0,0.0,0.0
ResNet50 + Cosine brute-force,98293870e773bd5a58554e133e9cac19.jpg,3715213560,1.0,1.0,1.0,0.3333,1.0,0.2,1.0,0.1,1.0
ResNet50 + Cosine brute-force,d9fbb4392ecaa8b36671581d7f6f32d5.jpg,1712807720,0.25,0.0,0.0,0.0,0.0,0.2,1.0,0.1,1.0
ResNet50 + Cosine brute-force,81e1e8baef42e6301e8508929cadb168.jpg,1892041516,1.0,1.0,1.0,0.3333,1.0,0.2,1.0,0.1,1.0
ResNet50 + Cosine brute-force,3bdc3ad04105494095c7ddbca6567b0f.jpg,3141662799,1.0,1.0,1.0,0.3333,1.0,0.2,1.0,0.1,1.0
ResNet50 + Cosine brute-force,75bd5d9577f14b05cfaf915f19402138.jpg,4141416718,1.0,1.0,1.0,0.3333,1.0,0.2,1.0,0.1,1.0
ResNet50 + Cosine brute-force,2c9f259e5226c6f80e6942bec94c5293.jpg,84839135,1.0,1.0,1.0,0.3333,1.0,0.2,1.0,0.1,1.0
ResNet50 + Cosine brute-force,a8e8498e05c8e7357615422b361f37f2.jpg,2702558218,1.0,1.0,1.0,0.3333,1.0,0.2,1.0,0.1,1.0
ResNet50 + Cosine brute-force,eb19c3d635e5b74c6f76d61742460273.jpg,2284020704,1.0,1.0,1.0,0.3333,1.0,0.2,1.0,0.1,1.0
ResNet50 + Cosine brute-force,6692b90ed7f593e982e6f9dd3d1f5700.jpg,3497969901,1.0,1.0,1.0,0.3333,1.0,0.2,1.0,0.1,1.0
ResNet50 + Cosine brute-force,0f088e7ec62d350d608c717e5f921509.jpg,1716658403,0.5,0.0,0.0,0.3333,1.0,0.2,1.0,0.1,1.0
ResNet50 + Cosine brute-force,f9708560603e42c8060a934c4872bd56.jpg,631880435,1.0,1.0,1.0,0.3333,1.0,0.2,1.0,0.1,1.0
ResNet50 + Cosine brute-force,289f998c1d020021ccfd15c9319ef339.jpg,3414903389,1.0,1.0,1.0,0.3333,1.0,0.2,1.0,0.1,1.0
ResNet50 + Cosine brute-force,f58d9a0368657450a2eedb09e317bbdc.jpg,2558401176,1.0,1.0,1.0,0.3333,1.0,0.2,1.0,0.1,1.0
ResNet50 + Cosine brute-force,4ed0010bc0433a0bb441ee63f6e7ce6b.jpg,695973918,1.0,1.0,1.0,0.3333,1.0,0.2,1.0,0.1,1.0
ResNet50 + Cosine brute-force,370feb802002fbab242b24a6f73f52bf.jpg,162033517,0.1111,0.0,0.0,0.0,0.0,0.0,0.0,0.1,1.0
ResNet50 + Cosine brute-force,98b8bc797bb46e01462292c164770118.jpg,3427592570,0.1111,0.0,0.0,0.0,0.0,0.0,0.0,0.1,1.0
ResNet50 + Cosine brute-force,c307faecd8abb5e1511dba32910ee85e.jpg,2497751413,1.0,1.0,1.0,0.3333,1.0,0.2,1.0,0.1,1.0
ResNet50 + Cosine brute-force,d23c26182ecb603f7c7327d1cb031ebd.jpg,3236159568,0.5,0.0,0.0,0.3333,1.0,0.2,1.0,0.1,1.0
ResNet50 + Cosine brute-force,d771dbe89ecd6fb6dfb4aa218ea14974.jpg,1366460521,0.1667,0.0,0.0,0.0,0.0,0.0,0.0,0.1,1.0
ResNet50 + Cosine brute-force,add10263c12ac1035869f577822844a6.jpg,2633237860,1.0,1.0,1.0,0.3333,1.0,0.2,1.0,0.1,1.0
ResNet50 + Cosine brute-force,9408b384ab05152caf53b3ba7c2bc7c7.jpg,1146205648,0.5,0.0,0.0,0.3333,1.0,0.2,1.0,0.1,1.0
ResNet50 + Cosine brute-force,c697b60b38c4a7bd1934860e63b6a669.jpg,890612805,0.0,0.0,0.0,0.0,0.0,0.0,0.0,0.0,0.0
ResNet50 + Cosine brute-force,366e7d724fdf2f522bfb15fd03a7ae62.jpg,507648310,0.0,0.0,0.0,0.0,0.0,0.0,0.0,0.0,0.0
ResNet50 + Cosine brute-force,456da605a4d11f23d06e394fa599dab7.jpg,2011865666,0.1667,0.0,0.0,0.0,0.0,0.0,0.0,0.1,1.0
ResNet50 + Cosine brute-force,ce67e530c4ae12496b22c3611a3c50ea.jpg,1690212844,1.0,1.0,1.0,0.3333,1.0,0.2,1.0,0.1,1.0
ResNet50 + Cosine brute-force,70110db5d73a0e1c355ce1254f1f0613.jpg,15978237,0.0,0.0,0.0,0.0,0.0,0.0,0.0,0.0,0.0
ResNet50 + Cosine brute-force,8ab8fe37a9ca9cc808e43fb54538ba7c.jpg,1710630792,0.0,0.0,0.0,0.0,0.0,0.0,0.0,0.0,0.0
ResNet50 + Cosine brute-force,038cf1d2ffaa2bdfec0802f21bfb9819.jpg,3114991641,1.0,1.0,1.0,0.3333,1.0,0.2,1.0,0.1,1.0
ResNet50 + Cosine brute-force,58f21d219af23f4b11a2a044135f91fd.jpg,3579317345,1.0,1.0,1.0,0.3333,1.0,0.2,1.0,0.1,1.0
ResNet50 + Cosine brute-force,241fa28ab67fe4f65c47a3ec060f8e5c.jpg,2320051494,1.0,1.0,1.0,0.3333,1.0,0.2,1.0,0.1,1.0
ResNet50 + Cosine brute-force,6ed78a8e6db3cbf5f4abdf6767da5fd1.jpg,3029731058,0.2,0.0,0.0,0.0,0.0,0.2,1.0,0.1,1.0
ResNet50 + Cosine brute-force,42af49b3a9a91e3c8abc0419f981d6e4.jpg,2418901795,1.0,1.0,1.0,0.3333,1.0,0.2,1.0,0.1,1.0
ResNet50 + Cosine brute-force,cd645072eb2e4d857cc5b8f51add4c59.jpg,3623283026,1.0,1.0,1.0,0.3333,1.0,0.2,1.0,0.1,1.0
ResNet50 + Cosine brute-force,81bc5de39116db1a46e693673df6e02a.jpg,1644754067,1.0,1.0,1.0,0.3333,1.0,0.2,1.0,0.1,1.0
ResNet50 + Cosine brute-force,652620950d5497570cfa47d27163e353.jpg,590283276,1.0,1.0,1.0,0.3333,1.0,0.2,1.0,0.1,1.0
ResNet50 + Cosine brute-force,38b547a31330d60c80a46e443826e52c.jpg,1070755869,1.0,1.0,1.0,0.3333,1.0,0.2,1.0,0.1,1.0
ResNet50 + Cosine brute-force,ff6cb15aabd7d168c2ae06c98208de83.jpg,811765912,1.0,1.0,1.0,0.3333,1.0,0.2,1.0,0.1,1.0
ResNet50 + Cosine brute-force,fa38a0820cf8d2abc422e3086a324a1f.jpg,2203660548,1.0,1.0,1.0,0.3333,1.0,0.2,1.0,0.1,1.0
ResNet50 + Cosine brute-force,020c006d89965fda3ede250f08295776.jpg,1632207687,0.5,0.0,0.0,0.3333,1.0,0.2,1.0,0.1,1.0
ResNet50 + Cosine brute-force,8d02c17aa698d1da6a2a55387944c452.jpg,3663761117,1.0,1.0,1.0,0.3333,1.0,0.2,1.0,0.1,1.0
ResNet50 + Cosine brute-force,3971a4209de150fe33b44387d588edb4.jpg,201919422,1.0,1.0,1.0,0.3333,1.0,0.2,1.0,0.1,1.0
ResNet50 + Cosine brute-force,deeb7c67834302b9b729943aab6bb3a7.jpg,2442811041,1.0,1.0,1.0,0.3333,1.0,0.2,1.0,0.1,1.0
ResNet50 + Cosine brute-force,8882a2d94f6894d07690484a07c22a43.jpg,467475402,1.0,1.0,1.0,0.3333,1.0,0.2,1.0,0.1,1.0
ResNet50 + Cosine brute-force,1d7374970c5919b1b44a3662ddfa27a3.jpg,2633237860,1.0,1.0,1.0,0.3333,1.0,0.2,1.0,0.1,1.0
ResNet50 + Cosine brute-force,107b40900ca8598faecb1ab8b8287706.jpg,2954113937,1.0,1.0,1.0,0.3333,1.0,0.2,1.0,0.1,1.0
ResNet50 + Cosine brute-force,224420cd71adc3353e09482be80a749f.jpg,381150737,1.0,1.0,1.0,0.3333,1.0,0.2,1.0,0.1,1.0
ResNet50 + Cosine brute-force,cf4e72156277b34c75a16498888f77c3.jpg,1273665242,0.0,0.0,0.0,0.0,0.0,0.0,0.0,0.0,0.0
ResNet50 + Cosine brute-force,20947b13ffbc3f0f1aa218ae035715e9.jpg,804128688,1.0,1.0,1.0,0.3333,1.0,0.2,1.0,0.1,1.0
ResNet50 + Cosine brute-force,6198d496b38c9d3b9aab76869aab33aa.jpg,1712807720,0.0,0.0,0.0,0.0,0.0,0.0,0.0,0.0,0.0
ResNet50 + Cosine brute-force,73e847ebdc5835e1c430830fa8ddd69d.jpg,3527526514,1.0,1.0,1.0,0.3333,1.0,0.2,1.0,0.1,1.0
ResNet50 + Cosine brute-force,c9dc272432b05dbed488d8d5c18595db.jpg,3156823611,1.0,1.0,1.0,0.3333,1.0,0.2,1.0,0.1,1.0
ResNet50 + Cosine brute-force,52ff2a2d3015c6b7dc5f0d7451613082.jpg,512931898,1.0,1.0,1.0,0.3333,1.0,0.2,1.0,0.1,1.0
ResNet50 + Cosine brute-force,1c34abfbcd65742297c3b52be0e39019.jpg,1151643989,0.125,0.0,0.0,0.0,0.0,0.0,0.0,0.1,1.0
ResNet50 + Cosine brute-force,e85ca9fdd4ef490e089c33c923a73a98.jpg,2148785518,1.0,1.0,1.0,0.3333,1.0,0.2,1.0,0.1,1.0
ResNet50 + Cosine brute-force,407e7058e1ada1a475857a98e92022dd.jpg,2235227223,0.0,0.0,0.0,0.0,0.0,0.0,0.0,0.0,0.0
ResNet50 + Cosine brute-force,f68d37697eacee4fb1b2044005ddd299.jpg,3029731058,0.0,0.0,0.0,0.0,0.0,0.0,0.0,0.0,0.0
ResNet50 + Cosine brute-force,3f5cf86f8c2a411fdae959cc4ee9ad32.jpg,1848313115,0.0,0.0,0.0,0.0,0.0,0.0,0.0,0.0,0.0
ResNet50 + Cosine brute-force,f7d7958045ee9fe44ba35867ae855673.jpg,3663761117,1.0,1.0,1.0,0.3333,1.0,0.2,1.0,0.1,1.0
ResNet50 + Cosine brute-force,ecb15a04417385c5239a29a6f12e552b.jpg,2131121318,0.0,0.0,0.0,0.0,0.0,0.0,0.0,0.0,0.0
ResNet50 + Cosine brute-force,9c0a325bb2945f6d84fd6650d20cb2b6.jpg,3458180255,1.0,1.0,1.0,0.3333,1.0,0.2,1.0,0.1,1.0
ResNet50 + Cosine brute-force,59ab5136cfefe4727de19e0aa3da67db.jpg,535166809,1.0,1.0,1.0,0.3333,1.0,0.2,1.0,0.1,1.0
ResNet50 + Cosine brute-force,a7ae33010565baae9e44d77e4b795b05.jpg,3432029652,0.0,0.0,0.0,0.0,0.0,0.0,0.0,0.0,0.0
ResNet50 + Cosine brute-force,400f02779302a3581492bc2237f37aed.jpg,4228329503,1.0,1.0,1.0,0.3333,1.0,0.2,1.0,0.1,1.0
ResNet50 + Cosine brute-force,6095b9cbadb03936bedcb0c6fe1f4e18.jpg,1465718614,0.5,0.0,0.0,0.3333,1.0,0.2,1.0,0.1,1.0
ResNet50 + Cosine brute-force,4c8dc5e0d8b7a0058cd14cb370751067.jpg,48664808,1.0,1.0,1.0,0.3333,1.0,0.2,1.0,0.1,1.0
ResNet50 + Cosine brute-force,3ad8f3b74a6344ff09f00990efa92a0b.jpg,1333379942,1.0,1.0,1.0,0.3333,1.0,0.2,1.0,0.1,1.0
ResNet50 + Cosine brute-force,19220beda9be73c8e74f51a4c2ba3db2.jpg,3198647539,0.0,0.0,0.0,0.0,0.0,0.0,0.0,0.0,0.0
ResNet50 + Cosine brute-force,7565c95f1247afa1906e7822c227a6c6.jpg,3424313238,0.3333,0.0,0.0,0.3333,1.0,0.2,1.0,0.1,1.0
ResNet50 + Cosine brute-force,815330e334e521b3b2d287e511fc529f.jpg,2423745444,1.0,1.0,1.0,0.3333,1.0,0.2,1.0,0.1,1.0
ResNet50 + Cosine brute-force,9d302900c1df26560751a53baa29f1b2.jpg,3141662799,1.0,1.0,1.0,0.3333,1.0,0.2,1.0,0.1,1.0
ResNet50 + Cosine brute-force,41ee619ae16c41eb3ba57beec3e8fe29.jpg,1779671211,1.0,1.0,1.0,0.3333,1.0,0.2,1.0,0.1,1.0
ResNet50 + Cosine brute-force,96b38ce8021e9f9a10b9273d573bd0c1.jpg,3854289318,1.0,1.0,1.0,0.3333,1.0,0.2,1.0,0.1,1.0
ResNet50 + Cosine brute-force,2f7f442535da790693927be24f73e8c5.jpg,590283276,1.0,1.0,1.0,0.3333,1.0,0.2,1.0,0.1,1.0
ResNet50 + Cosine brute-force,fdfb87952bd61dbd12dd128e757de213.jpg,2882118033,1.0,1.0,1.0,0.3333,1.0,0.2,1.0,0.1,1.0
ResNet50 + Cosine brute-force,86733142f8122ffa17ceac28f9064544.jpg,2655052764,0.1667,0.0,0.0,0.0,0.0,0.0,0.0,0.1,1.0
ResNet50 + Cosine brute-force,8189acdfce3a275b02d3c76de9215afd.jpg,2765097838,0.5,0.0,0.0,0.3333,1.0,0.2,1.0,0.1,1.0
ResNet50 + Cosine brute-force,a36ce727b3197465a9c0f7b152ccaa08.jpg,257887417,1.0,1.0,1.0,0.3333,1.0,0.2,1.0,0.1,1.0
ResNet50 + Cosine brute-force,5179d8fa0d8e5861f22fc86e92dc74bd.jpg,1409501909,1.0,1.0,1.0,0.3333,1.0,0.2,1.0,0.1,1.0
ResNet50 + Cosine brute-force,8d5931a067963d73c78b2d077e81333a.jpg,716945248,1.0,1.0,1.0,0.3333,1.0,0.2,1.0,0.1,1.0
ResNet50 + Cosine brute-force,ee13fc318a370a2796eeadb82ebf0974.jpg,2274307664,1.0,1.0,1.0,0.3333,1.0,0.2,1.0,0.1,1.0
ResNet50 + Cosine brute-force,45f36c10c224bd02eed119df48cd8292.jpg,576861546,0.5,0.0,0.0,0.3333,1.0,0.2,1.0,0.1,1.0
ResNet50 + Cosine brute-force,e3a902cafc76b635bf08d844c39530c7.jpg,3423223258,0.25,0.0,0.0,0.0,0.0,0.2,1.0,0.1,1.0
ResNet50 + Cosine brute-force,9ab28ca27766884b6843d4f9272dd94c.jpg,2954113937,1.0,1.0,1.0,0.3333,1.0,0.2,1.0,0.1,1.0
ResNet50 + Cosine brute-force,6a63c21eac13f72bfeb9e0b77974f82c.jpg,2418901795,1.0,1.0,1.0,0.3333,1.0,0.2,1.0,0.1,1.0
ResNet50 + Cosine brute-force,0d537596226ee959128c50a16fde45d9.jpg,3496576043,1.0,1.0,1.0,0.3333,1.0,0.2,1.0,0.1,1.0
ResNet50 + Cosine brute-force,5dbedf004def7843697a74d19795275e.jpg,342597810,1.0,1.0,1.0,0.3333,1.0,0.2,1.0,0.1,1.0
ResNet50 + Cosine brute-force,4cf5a284edf52c3c220e4bc75abf56a9.jpg,804128688,1.0,1.0,1.0,0.3333,1.0,0.2,1.0,0.1,1.0
ResNet50 + Cosine brute-force,801f4d1be357a9f2ebc3777e768332c4.jpg,1465718614,1.0,1.0,1.0,0.3333,1.0,0.2,1.0,0.1,1.0
ResNet50 + Cosine brute-force,0c975829058104318275d7ae6d9e07db.jpg,3052340347,1.0,1.0,1.0,0.3333,1.0,0.2,1.0,0.1,1.0
ResNet50 + Cosine brute-force,6cf7044cf217db4ad117a346b94ee0dc.jpg,3012923871,1.0,1.0,1.0,0.3333,1.0,0.2,1.0,0.1,1.0
ResNet50 + Cosine brute-force,f65870c537266304a6d3711d5eea479e.jpg,990609101,1.0,1.0,1.0,0.3333,1.0,0.2,1.0,0.1,1.0
ResNet50 + Cosine brute-force,4e6df493474086375b8d14f217431e51.jpg,890612805,0.0,0.0,0.0,0.0,0.0,0.0,0.0,0.0,0.0
ResNet50 + Cosine brute-force,271b06eadd16fbeb0ff8d5e6cf4be264.jpg,1280208830,1.0,1.0,1.0,0.3333,1.0,0.2,1.0,0.1,1.0
ResNet50 + Cosine brute-force,bd0b2e53827e472c76c04be228ab089f.jpg,15978237,0.0,0.0,0.0,0.0,0.0,0.0,0.0,0.0,0.0
ResNet50 + Cosine brute-force,4456237c773e7fac4ce5a0fe79e7b999.jpg,3579317345,1.0,1.0,1.0,0.3333,1.0,0.2,1.0,0.1,1.0
ResNet50 + Cosine brute-force,124a57b9866260cbb06f4b8ba1c4c4c6.jpg,3893786536,1.0,1.0,1.0,0.3333,1.0,0.2,1.0,0.1,1.0
ResNet50 + Cosine brute-force,f77bb054606585338b954e193b93b56c.jpg,1886504359,1.0,1.0,1.0,0.3333,1.0,0.2,1.0,0.1,1.0
ResNet50 + Cosine brute-force,deb80330b925161fc59d78a13fcee3bd.jpg,158855858,1.0,1.0,1.0,0.3333,1.0,0.2,1.0,0.1,1.0
ResNet50 + Cosine brute-force,052f210d451349a3b12df2a887d51563.jpg,1397230201,1.0,1.0,1.0,0.3333,1.0,0.2,1.0,0.1,1.0
ResNet50 + Cosine brute-force,80af305c793b1d536b2340072df6f858.jpg,1093008820,1.0,1.0,1.0,0.3333,1.0,0.2,1.0,0.1,1.0
ResNet50 + Cosine brute-force,8dfc849f81f927b97f6fc63523a9e103.jpg,3820915938,1.0,1.0,1.0,0.3333,1.0,0.2,1.0,0.1,1.0
ResNet50 + Cosine brute-force,eebc4a0b5bcc9d83eca0625d1be5b774.jpg,3385067873,1.0,1.0,1.0,0.3333,1.0,0.2,1.0,0.1,1.0
ResNet50 + Cosine brute-force,db3764012d8da0a5dd07027660764509.jpg,777055482,1.0,1.0,1.0,0.3333,1.0,0.2,1.0,0.1,1.0
ResNet50 + Cosine brute-force,67fdbf20441692f7e093ea60239e9064.jpg,2684150012,0.0,0.0,0.0,0.0,0.0,0.0,0.0,0.0,0.0
ResNet50 + Cosine brute-force,96f8f0fee24701513e54bbbed720f2df.jpg,4044229306,1.0,1.0,1.0,0.3333,1.0,0.2,1.0,0.1,1.0
ResNet50 + Cosine brute-force,30c3bc5eca44c5313f7e5b69c57ddbca.jpg,1187866411,0.0,0.0,0.0,0.0,0.0,0.0,0.0,0.0,0.0
ResNet50 + Cosine brute-force,a72eb0f05909d22840730c8079ee3129.jpg,4069659242,1.0,1.0,1.0,0.3333,1.0,0.2,1.0,0.1,1.0
ResNet50 + Cosine brute-force,cdc2638882efd8626f2fc50b8fb453ae.jpg,3021321489,1.0,1.0,1.0,0.3333,1.0,0.2,1.0,0.1,1.0
ResNet50 + Cosine brute-force,2512d778b455624fe21bf9528677668e.jpg,3500184040,1.0,1.0,1.0,0.3333,1.0,0.2,1.0,0.1,1.0
ResNet50 + Cosine brute-force,6820d6e1ff3dca81c7b982608f327509.jpg,3211565621,0.5,0.0,0.0,0.3333,1.0,0.2,1.0,0.1,1.0
ResNet50 + Cosine brute-force,3b1f007c9ff29f1b0a7974855d2825fa.jpg,3583466797,1.0,1.0,1.0,0.3333,1.0,0.2,1.0,0.1,1.0
ResNet50 + Cosine brute-force,10dcbc6d8bff7ccccd049364d1ca4db8.jpg,122550860,0.0,0.0,0.0,0.0,0.0,0.0,0.0,0.0,0.0
ResNet50 + Cosine brute-force,ff33dba5a3a35d1aec0cfe2eb247e631.jpg,2397683114,1.0,1.0,1.0,0.3333,1.0,0.2,1.0,0.1,1.0
ResNet50 + Cosine brute-force,2e4723aa21f775b3de9ee5d5635d8af0.jpg,3868704829,1.0,1.0,1.0,0.3333,1.0,0.2,1.0,0.1,1.0
ResNet50 + Cosine brute-force,d66fd2c530299005067f54a217a2921f.jpg,3198647539,0.0,0.0,0.0,0.0,0.0,0.0,0.0,0.0,0.0
ResNet50 + Cosine brute-force,3f9933d396722fd7b12252cbd84031ef.jpg,2397683114,1.0,1.0,1.0,0.3333,1.0,0.2,1.0,0.1,1.0
ResNet50 + Cosine brute-force,0b61b0a426dbff735914ff0c9ee5e13a.jpg,1061022174,1.0,1.0,1.0,0.3333,1.0,0.2,1.0,0.1,1.0
ResNet50 + Cosine brute-force,fa058793e39346e42e28d40bd4d1ccb6.jpg,2666707289,1.0,1.0,1.0,0.3333,1.0,0.2,1.0,0.1,1.0
ResNet50 + Cosine brute-force,4a8fb7af014cb095e87476a148f75198.jpg,3385067873,1.0,1.0,1.0,0.3333,1.0,0.2,1.0,0.1,1.0
ResNet50 + Cosine brute-force,7ef1837d90f0a9e5ec9573a605dc8737.jpg,2666707289,0.25,0.0,0.0,0.0,0.0,0.2,1.0,0.1,1.0
ResNet50 + Cosine brute-force,bd372e660ab97b7737977902e48b439a.jpg,3328069909,1.0,1.0,1.0,0.3333,1.0,0.2,1.0,0.1,1.0
ResNet50 + Cosine brute-force,4c17b989aecf0554f113bdb9da2d34a6.jpg,3012923871,1.0,1.0,1.0,0.3333,1.0,0.2,1.0,0.1,1.0
ResNet50 + Cosine brute-force,b5fc1d62ff0ee865a6c82cf3bcb87939.jpg,2271414143,1.0,1.0,1.0,0.3333,1.0,0.2,1.0,0.1,1.0
ResNet50 + Cosine brute-force,ce035c6e363cbc3199f2f1d8a36ccd94.jpg,201919422,1.0,1.0,1.0,0.3333,1.0,0.2,1.0,0.1,1.0
ResNet50 + Cosine brute-force,f1bd21798ef409957ffd5876c455f33a.jpg,2375669168,0.0,0.0,0.0,0.0,0.0,0.0,0.0,0.0,0.0
ResNet50 + Cosine brute-force,2792906377bfcbed7d9986ba7935a212.jpg,2430246747,1.0,1.0,1.0,0.3333,1.0,0.2,1.0,0.1,1.0
ResNet50 + Cosine brute-force,bd8d17fcd608f61a311faa67e96d20f8.jpg,2168147177,1.0,1.0,1.0,0.3333,1.0,0.2,1.0,0.1,1.0
ResNet50 + Cosine brute-force,c88bf2b4f04ca4d2a57619a583041c13.jpg,1395102007,1.0,1.0,1.0,0.3333,1.0,0.2,1.0,0.1,1.0
ResNet50 + Cosine brute-force,5097b332c0bf0397396c65b1d8cedf8d.jpg,2375669168,0.0,0.0,0.0,0.0,0.0,0.0,0.0,0.0,0.0
ResNet50 + Cosine brute-force,140ac250982a7de5171565d90530f782.jpg,1714128186,1.0,1.0,1.0,0.3333,1.0,0.2,1.0,0.1,1.0
ResNet50 + Cosine brute-force,8143ae0b71503d019acf00e59a52fe44.jpg,2271414143,1.0,1.0,1.0,0.3333,1.0,0.2,1.0,0.1,1.0
ResNet50 + Cosine brute-force,cabd33cfe8c3535f56d07402047da6f9.jpg,3766516310,1.0,1.0,1.0,0.3333,1.0,0.2,1.0,0.1,1.0
ResNet50 + Cosine brute-force,6affabd5f9eea2af0d37ce5d02b51788.jpg,338163236,0.1,0.0,0.0,0.0,0.0,0.0,0.0,0.1,1.0
ResNet50 + Cosine brute-force,d6ad11502d025de25263853e33b58505.jpg,1627524293,0.3333,0.0,0.0,0.3333,1.0,0.2,1.0,0.1,1.0
ResNet50 + Cosine brute-force,2d7480d75bb354bf29f7510720e18933.jpg,3182355207,1.0,1.0,1.0,0.3333,1.0,0.2,1.0,0.1,1.0
ResNet50 + Cosine brute-force,41ef5574dbf8587112b672d3d39f2d6b.jpg,2655052764,0.0,0.0,0.0,0.0,0.0,0.0,0.0,0.0,0.0
ResNet50 + Cosine brute-force,ed217e0d825fa07942794c84fd08d48b.jpg,4185794721,0.3333,0.0,0.0,0.3333,1.0,0.2,1.0,0.1,1.0
ResNet50 + Cosine brute-force,f63c998872e8d1847dde4795890e9f8d.jpg,1576131659,1.0,1.0,1.0,0.3333,1.0,0.2,1.0,0.1,1.0
ResNet50 + Cosine brute-force,797db2034ae90524ed20ee15f03763d7.jpg,1722311799,0.0,0.0,0.0,0.0,0.0,0.0,0.0,0.0,0.0
ResNet50 + Cosine brute-force,1319df13cb1021f8bdfb0c24efb5ab0b.jpg,1646052977,1.0,1.0,1.0,0.3333,1.0,0.2,1.0,0.1,1.0
ResNet50 + Cosine brute-force,3e74e4afd5fc97456e1f432f28d710eb.jpg,1937048978,0.0,0.0,0.0,0.0,0.0,0.0,0.0,0.0,0.0
ResNet50 + Cosine brute-force,1b73cf58283f98d8f902d1f1174729f9.jpg,678236612,1.0,1.0,1.0,0.3333,1.0,0.2,1.0,0.1,1.0
ResNet50 + Cosine brute-force,af1431c9e13fd91affb5bdcd8ad62c5a.jpg,3497969901,0.0,0.0,0.0,0.0,0.0,0.0,0.0,0.0,0.0
ResNet50 + Cosine brute-force,93b5250dcea06611db9db95c2a982151.jpg,2204481244,0.3333,0.0,0.0,0.3333,1.0,0.2,1.0,0.1,1.0
ResNet50 + Cosine brute-force,3e0000302ecbc27de2546ade35e3a053.jpg,1366460521,1.0,1.0,1.0,0.3333,1.0,0.2,1.0,0.1,1.0
ResNet50 + Cosine brute-force,2e9c8ab0891b87a72c5f0149599cb0d8.jpg,1363821107,0.0,0.0,0.0,0.0,0.0,0.0,0.0,0.0,0.0
ResNet50 + Cosine brute-force,b74197444e7a1818451fa9775c53d5e2.jpg,1683190239,0.0,0.0,0.0,0.0,0.0,0.0,0.0,0.0,0.0
ResNet50 + Cosine brute-force,1c43edb71e4e30bc37d08f09fd61e4f7.jpg,1508153255,1.0,1.0,1.0,0.3333,1.0,0.2,1.0,0.1,1.0
ResNet50 + Cosine brute-force,f9eb2c49c869488f1943abe844b64744.jpg,2590432328,0.125,0.0,0.0,0.0,0.0,0.0,0.0,0.1,1.0
ResNet50 + Cosine brute-force,c61b80072c7756c63f07b65d31c33edc.jpg,459746904,0.0,0.0,0.0,0.0,0.0,0.0,0.0,0.0,0.0
ResNet50 + Cosine brute-force,5e13b44d7b77657bc1bffbf2521a958e.jpg,2660884517,0.5,0.0,0.0,0.3333,1.0,0.2,1.0,0.1,1.0
ResNet50 + Cosine brute-force,52a1602f6e7309ae0e00c2b11e5eaa92.jpg,257887417,1.0,1.0,1.0,0.3333,1.0,0.2,1.0,0.1,1.0
ResNet50 + Cosine brute-force,1aa471afb635112878e8d5973e75698f.jpg,712591436,1.0,1.0,1.0,0.3333,1.0,0.2,1.0,0.1,1.0
ResNet50 + Cosine brute-force,57e11c00c1cdbd2ccaeb65f040d515ed.jpg,3794541920,1.0,1.0,1.0,0.3333,1.0,0.2,1.0,0.1,1.0
ResNet50 + Cosine brute-force,5ed9cba0270fee5252882c56344d4ab7.jpg,1553075002,0.0,0.0,0.0,0.0,0.0,0.0,0.0,0.0,0.0
ResNet50 + Cosine brute-force,d26573103bde77e9c17f21bfd519bb82.jpg,3565319599,1.0,1.0,1.0,0.3333,1.0,0.2,1.0,0.1,1.0
ResNet50 + Cosine brute-force,0fb2f90c904c45edf8e92685822937bf.jpg,1262636282,1.0,1.0,1.0,0.3333,1.0,0.2,1.0,0.1,1.0
ResNet50 + Cosine brute-force,07b102b6ef74cdaaadb3c49ebc50ab09.jpg,3950258671,1.0,1.0,1.0,0.3333,1.0,0.2,1.0,0.1,1.0
ResNet50 + Cosine brute-force,9224414fb320e53cbbdb6f72c4a634e4.jpg,2630790066,1.0,1.0,1.0,0.3333,1.0,0.2,1.0,0.1,1.0
ResNet50 + Cosine brute-force,357355dbd8ec1138ea70039edd89193d.jpg,3285910310,1.0,1.0,1.0,0.3333,1.0,0.2,1.0,0.1,1.0
ResNet50 + Cosine brute-force,912898e51e899f0fa52eef266030a6dd.jpg,4218699672,1.0,1.0,1.0,0.3333,1.0,0.2,1.0,0.1,1.0
ResNet50 + Cosine brute-force,04325d767af190517379650dacd02493.jpg,1119404634,1.0,1.0,1.0,0.3333,1.0,0.2,1.0,0.1,1.0
ResNet50 + Cosine brute-force,1c40c0632bff2695fab86c39205860f0.jpg,3729785503,0.0,0.0,0.0,0.0,0.0,0.0,0.0,0.0,0.0
ResNet50 + Cosine brute-force,b7dfc80ed6d791dcefb1c87f6daa6fbd.jpg,2882118033,1.0,1.0,1.0,0.3333,1.0,0.2,1.0,0.1,1.0
ResNet50 + Cosine brute-force,a3a4ae4482adfaf08ef5ddbd976d8137.jpg,48664808,1.0,1.0,1.0,0.3333,1.0,0.2,1.0,0.1,1.0
ResNet50 + Cosine brute-force,92cec1d31eba8bccf2186f5c5bc6235f.jpg,732573709,0.0,0.0,0.0,0.0,0.0,0.0,0.0,0.0,0.0
ResNet50 + Cosine brute-force,7e164f8eeba3b1d45b4f74672f9d1887.jpg,3496576043,1.0,1.0,1.0,0.3333,1.0,0.2,1.0,0.1,1.0
ResNet50 + Cosine brute-force,d3adc264ba35e204dfc599674f41f75a.jpg,3781511357,1.0,1.0,1.0,0.3333,1.0,0.2,1.0,0.1,1.0
ResNet50 + Cosine brute-force,d31d04df76e635dc733e42247b94c49e.jpg,3729785503,0.25,0.0,0.0,0.0,0.0,0.2,1.0,0.1,1.0
ResNet50 + Cosine brute-force,b2bf270e28ebc6728f281485289dc28b.jpg,1070755869,1.0,1.0,1.0,0.3333,1.0,0.2,1.0,0.1,1.0
ResNet50 + Cosine brute-force,95be5eebd10890fa59e29214c7a3e202.jpg,105959685,0.0,0.0,0.0,0.0,0.0,0.0,0.0,0.0,0.0
ResNet50 + Cosine brute-force,224eea72a91c0083949bef4d8bbb19c8.jpg,524178901,1.0,1.0,1.0,0.3333,1.0,0.2,1.0,0.1,1.0
ResNet50 + Cosine brute-force,eccaf4972cfcf0361ee15a364b46af94.jpg,716945248,0.1,0.0,0.0,0.0,0.0,0.0,0.0,0.1,1.0
ResNet50 + Cosine brute-force,8ec404eac18cc1159ab5fbed49fc3238.jpg,3163966185,0.0,0.0,0.0,0.0,0.0,0.0,0.0,0.0,0.0
ResNet50 + Cosine brute-force,3263065448aadf8b4886d607401ec558.jpg,3794541920,1.0,1.0,1.0,0.3333,1.0,0.2,1.0,0.1,1.0
ResNet50 + Cosine brute-force,3f3f66b61f0230a30a4c1b37dda0b208.jpg,1996577230,1.0,1.0,1.0,0.3333,1.0,0.2,1.0,0.1,1.0
ResNet50 + Cosine brute-force,6a454ec6206cf0d1f7f5cda04fe3f6ff.jpg,1646052977,1.0,1.0,1.0,0.3333,1.0,0.2,1.0,0.1,1.0
ResNet50 + Cosine brute-force,c5ca6d476ce7ae41f1bb166285d4e818.jpg,2759050553,0.0,0.0,0.0,0.0,0.0,0.0,0.0,0.0,0.0
ResNet50 + Cosine brute-force,dfaf5a46391127d31b35e73ddf02590e.jpg,2082555998,1.0,1.0,1.0,0.3333,1.0,0.2,1.0,0.1,1.0
ResNet50 + Cosine brute-force,9b60bdd0981b45a08cf6659a10b1ef48.jpg,85583521,1.0,1.0,1.0,0.3333,1.0,0.2,1.0,0.1,1.0
ResNet50 + Cosine brute-force,cc7252e6a1ebaffbe1ea82dafeae00ca.jpg,1417510413,0.5,0.0,0.0,0.3333,1.0,0.2,1.0,0.1,1.0
ResNet50 + Cosine brute-force,3a5541d69dd5707342bd7bc23d2291b5.jpg,3114936592,0.3333,0.0,0.0,0.3333,1.0,0.2,1.0,0.1,1.0
ResNet50 + Cosine brute-force,79f2734e681f56c8bc6c3cb309787d5c.jpg,2320051494,1.0,1.0,1.0,0.3333,1.0,0.2,1.0,0.1,1.0
ResNet50 + Cosine brute-force,605cebcacb893f8332d62aa1156c1a7c.jpg,695973918,1.0,1.0,1.0,0.3333,1.0,0.2,1.0,0.1,1.0
ResNet50 + Cosine brute-force,f30e8292a4c0c1be4a5ecc245f250906.jpg,2403853885,1.0,1.0,1.0,0.3333,1.0,0.2,1.0,0.1,1.0
ResNet50 + Cosine brute-force,b19ddbf0da3b2ca5c35e19af9d7d2443.jpg,2945011912,1.0,1.0,1.0,0.3333,1.0,0.2,1.0,0.1,1.0
ResNet50 + Cosine brute-force,2e25e5b236e66e67c59fb4d4d4ad4e56.jpg,2086690397,1.0,1.0,1.0,0.3333,1.0,0.2,1.0,0.1,1.0
ResNet50 + Cosine brute-force,ee5b5bc00c66c481ea74b7f09ebfd469.jpg,2025865799,0.2,0.0,0.0,0.0,0.0,0.2,1.0,0.1,1.0
ResNet50 + Cosine brute-force,f22b416438110c65878ffc299b0e4ba5.jpg,3071217143,1.0,1.0,1.0,0.3333,1.0,0.2,1.0,0.1,1.0
ResNet50 + Cosine brute-force,dae5c8998ff6baffd9586090ddeff660.jpg,3924314161,1.0,1.0,1.0,0.3333,1.0,0.2,1.0,0.1,1.0
ResNet50 + Cosine brute-force,da0cc81a2381bd55c70eb88f8e11f765.jpg,3423223258,0.0,0.0,0.0,0.0,0.0,0.0,0.0,0.0,0.0
ResNet50 + Cosine brute-force,052f210d451349a3b12df2a887d51563.jpg,1397230201,1.0,1.0,1.0,0.3333,1.0,0.2,1.0,0.1,1.0
ResNet50 + Cosine brute-force,440973e44998bf77ba50621075160a6f.jpg,3519984805,1.0,1.0,1.0,0.3333,1.0,0.2,1.0,0.1,1.0
ResNet50 + Cosine brute-force,43ed9d703eae677fc46ab6581c1c55e7.jpg,388684396,1.0,1.0,1.0,0.3333,1.0,0.2,1.0,0.1,1.0
ResNet50 + Cosine brute-force,440f00f63cc3aeafc30860c648933812.jpg,1690212844,1.0,1.0,1.0,0.3333,1.0,0.2,1.0,0.1,1.0
ResNet50 + Cosine brute-force,704a97dc44fea949905f501f692c43ca.jpg,1547007621,1.0,1.0,1.0,0.3333,1.0,0.2,1.0,0.1,1.0
ResNet50 + Cosine brute-force,2792906377bfcbed7d9986ba7935a212.jpg,2430246747,1.0,1.0,1.0,0.3333,1.0,0.2,1.0,0.1,1.0
ResNet50 + Cosine brute-force,6500f35edd85a6fa44cbc04a0f29df9a.jpg,1409501909,1.0,1.0,1.0,0.3333,1.0,0.2,1.0,0.1,1.0
ResNet50 + Cosine brute-force,7216e20ede563ba06da53b5bc717e054.jpg,1789427472,1.0,1.0,1.0,0.3333,1.0,0.2,1.0,0.1,1.0
ResNet50 + Cosine brute-force,2e0214431b52bdd7f3514ea714a036bb.jpg,3014041297,0.0,0.0,0.0,0.0,0.0,0.0,0.0,0.0,0.0
ResNet50 + Cosine brute-force,b9d985f2d2c3c2f44bc846ac555f8aab.jpg,4141416718,1.0,1.0,1.0,0.3333,1.0,0.2,1.0,0.1,1.0
ResNet50 + Cosine brute-force,fdf01e1d66bd4b8a516737719fba1ddc.jpg,3357042053,1.0,1.0,1.0,0.3333,1.0,0.2,1.0,0.1,1.0
ResNet50 + Cosine brute-force,7bdc987e0138a208fd7b146d97f6922d.jpg,3048696444,0.3333,0.0,0.0,0.3333,1.0,0.2,1.0,0.1,1.0
ResNet50 + Cosine brute-force,00e65d8466dfdaa6e120f9630acd0a95.jpg,3411023097,1.0,1.0,1.0,0.3333,1.0,0.2,1.0,0.1,1.0
ResNet50 + Cosine brute-force,e938bf7a1389ada23a25adce46a0cb2d.jpg,2039518241,1.0,1.0,1.0,0.3333,1.0,0.2,1.0,0.1,1.0
ResNet50 + Cosine brute-force,11422b1d5ba6ffe1de9a91c9f8d694c7.jpg,1262636282,1.0,1.0,1.0,0.3333,1.0,0.2,1.0,0.1,1.0
ResNet50 + Cosine brute-force,4316e9dcddeeca087e7c733851c52499.jpg,911448401,0.0,0.0,0.0,0.0,0.0,0.0,0.0,0.0,0.0
ResNet50 + Cosine brute-force,41b60bd56d1ce1cf1b3f48ae839e3dc7.jpg,3937733565,1.0,1.0,1.0,0.3333,1.0,0.2,1.0,0.1,1.0
ResNet50 + Cosine brute-force,1c9933671d1171027972487508ef90f4.jpg,1683190239,0.3333,0.0,0.0,0.3333,1.0,0.2,1.0,0.1,1.0
ResNet50 + Cosine brute-force,ded875bf32b3a0ebe7a90bd7dd5e5d88.jpg,1711175704,1.0,1.0,1.0,0.3333,1.0,0.2,1.0,0.1,1.0
ResNet50 + Cosine brute-force,b0db941648ecdde867a892681fe24d43.jpg,2086690397,1.0,1.0,1.0,0.3333,1.0,0.2,1.0,0.1,1.0
ResNet50 + Cosine brute-force,7898602b44dbe9653c75d2469ff26dc7.jpg,2765097838,0.0,0.0,0.0,0.0,0.0,0.0,0.0,0.0,0.0
ResNet50 + Cosine brute-force,2a44372c34cf4791203e5e194b3557f7.jpg,1243244040,0.0,0.0,0.0,0.0,0.0,0.0,0.0,0.0,0.0
ResNet50 + Cosine brute-force,1d137a5df1fe926109eaf4a9819581b1.jpg,3414903389,1.0,1.0,1.0,0.3333,1.0,0.2,1.0,0.1,1.0
ResNet50 + Cosine brute-force,8606ca51500516d22d50c08ab19ea36c.jpg,50839031,1.0,1.0,1.0,0.3333,1.0,0.2,1.0,0.1,1.0
ResNet50 + Cosine brute-force,1897623f0696992d7720ee6a2963660b.jpg,2684150012,0.125,0.0,0.0,0.0,0.0,0.0,0.0,0.1,1.0
ResNet50 + Cosine brute-force,f4e074ad07012ea0146c66d2d7d8716a.jpg,3010010739,1.0,1.0,1.0,0.3333,1.0,0.2,1.0,0.1,1.0
ResNet50 + Cosine brute-force,206383e391b2f54e67819624161410e1.jpg,1163728238,0.3333,0.0,0.0,0.3333,1.0,0.2,1.0,0.1,1.0
ResNet50 + Cosine brute-force,422733d3cd516388e1d10d74198df5b0.jpg,2011865666,1.0,1.0,1.0,0.3333,1.0,0.2,1.0,0.1,1.0
ResNet50 + Cosine brute-force,21ea1108b43f5836eae0103384d2f0d4.jpg,3937149763,1.0,1.0,1.0,0.3333,1.0,0.2,1.0,0.1,1.0
ResNet50 + Cosine brute-force,b23e8bc4ba2f67129c844c042b8cc91c.jpg,1547007621,1.0,1.0,1.0,0.3333,1.0,0.2,1.0,0.1,1.0
ResNet50 + Cosine brute-force,e353fe163cbea03536f28ca194010663.jpg,368050926,0.0,0.0,0.0,0.0,0.0,0.0,0.0,0.0,0.0
ResNet50 + Cosine brute-force,b406f2e62ab11f50a481f8c14a8fb142.jpg,2901819840,1.0,1.0,1.0,0.3333,1.0,0.2,1.0,0.1,1.0
ResNet50 + Cosine brute-force,4d36c47ffaec4f4d9af90684b3d55874.jpg,1339662767,0.0,0.0,0.0,0.0,0.0,0.0,0.0,0.0,0.0
ResNet50 + Cosine brute-force,db70c28882b4eea23b69aaf830d4969d.jpg,1146205648,0.125,0.0,0.0,0.0,0.0,0.0,0.0,0.1,1.0
ResNet50 + Cosine brute-force,6a82ba30ba63c4932559ad90f41d67a3.jpg,2336088560,1.0,1.0,1.0,0.3333,1.0,0.2,1.0,0.1,1.0
ResNet50 + Cosine brute-force,f5d623fe382ac66afc18253e406df4b8.jpg,4257355866,1.0,1.0,1.0,0.3333,1.0,0.2,1.0,0.1,1.0
ResNet50 + Cosine brute-force,4a0f63220f418ac49cec441ee434a0f7.jpg,2702558218,1.0,1.0,1.0,0.3333,1.0,0.2,1.0,0.1,1.0
ResNet50 + Cosine brute-force,267ac0fafeca8e41ce4e82d5c554faae.jpg,2241853475,0.0,0.0,0.0,0.0,0.0,0.0,0.0,0.0,0.0
ResNet50 + Cosine brute-force,a89c4ffdb8297683a8a73df03ad2b769.jpg,3273907723,1.0,1.0,1.0,0.3333,1.0,0.2,1.0,0.1,1.0
ResNet50 + Cosine brute-force,b719eac9baf04e739f3dc16aead48e61.jpg,3328069909,1.0,1.0,1.0,0.3333,1.0,0.2,1.0,0.1,1.0
ResNet50 + Cosine brute-force,140552a87e8fcef1eda55987bcf07006.jpg,3114991641,1.0,1.0,1.0,0.3333,1.0,0.2,1.0,0.1,1.0
ResNet50 + Cosine brute-force,2ba17d9cd297e77fdd7a48b410af7890.jpg,2914552185,1.0,1.0,1.0,0.3333,1.0,0.2,1.0,0.1,1.0
ResNet50 + Cosine brute-force,f93b5ed2ada22ab438c7f6bd8f9d39b8.jpg,232333234,1.0,1.0,1.0,0.3333,1.0,0.2,1.0,0.1,1.0
ResNet50 + Cosine brute-force,f2202f33eab40a4e85ad7c7f3767d17c.jpg,1716658403,1.0,1.0,1.0,0.3333,1.0,0.2,1.0,0.1,1.0
ResNet50 + Cosine brute-force,2706573d0fb6327792df40047e4c06f2.jpg,1508153255,1.0,1.0,1.0,0.3333,1.0,0.2,1.0,0.1,1.0
ResNet50 + Cosine brute-force,2e0b9dda50452825c62510476aa3629d.jpg,1333379942,1.0,1.0,1.0,0.3333,1.0,0.2,1.0,0.1,1.0
ResNet50 + Cosine brute-force,69b8083c295be3dd8b88398cc94ffad9.jpg,2914552185,1.0,1.0,1.0,0.3333,1.0,0.2,1.0,0.1,1.0
ResNet50 + Cosine brute-force,f37a118ae816842be823c8b8d9df344b.jpg,342597810,1.0,1.0,1.0,0.3333,1.0,0.2,1.0,0.1,1.0
ResNet50 + Cosine brute-force,f15d4b6ed1ad5e9917fa892cd3c2ce86.jpg,1237870527,1.0,1.0,1.0,0.3333,1.0,0.2,1.0,0.1,1.0
ResNet50 + Cosine brute-force,137caa8780e7137af0871405d0926a51.jpg,1664263101,1.0,1.0,1.0,0.3333,1.0,0.2,1.0,0.1,1.0
ResNet50 + Cosine brute-force,c5eb915cc54ac6734b25c0fae5d7aaa1.jpg,1363821107,0.0,0.0,0.0,0.0,0.0,0.0,0.0,0.0,0.0
ResNet50 + Cosine brute-force,e31a88ca96123046c8458b488c13ae84.jpg,1175071127,1.0,1.0,1.0,0.3333,1.0,0.2,1.0,0.1,1.0
ResNet50 + Cosine brute-force,8bcd7733dde64839812f77f07e102e74.jpg,100773610,1.0,1.0,1.0,0.3333,1.0,0.2,1.0,0.1,1.0
ResNet50 + Cosine brute-force,4ee7d0bc80a711972e24ee5e85370bdd.jpg,2241853475,0.0,0.0,0.0,0.0,0.0,0.0,0.0,0.0,0.0
ResNet50 + Cosine brute-force,7f22687167cf1dae46b8e998034036b4.jpg,3427592570,0.0,0.0,0.0,0.0,0.0,0.0,0.0,0.0,0.0
ResNet50 + Cosine brute-force,3d8bafe1c7d450c048292f7e9cd62b46.jpg,2945011912,1.0,1.0,1.0,0.3333,1.0,0.2,1.0,0.1,1.0
ResNet50 + Cosine brute-force,8309e0d0420c911931ac75b86689897b.jpg,3925735308,0.0,0.0,0.0,0.0,0.0,0.0,0.0,0.0,0.0
ResNet50 + Cosine brute-force,1af7f07f9200087655eedc027e3e3431.jpg,731765393,0.0,0.0,0.0,0.0,0.0,0.0,0.0,0.0,0.0
ResNet50 + Cosine brute-force,e2ccde6f8245165fd82b130a7db528ce.jpg,3623283026,0.1,0.0,0.0,0.0,0.0,0.0,0.0,0.1,1.0
ResNet50 + Cosine brute-force,29bad9982250674aaf638534ab2808c9.jpg,911448401,0.25,0.0,0.0,0.0,0.0,0.2,1.0,0.1,1.0
ResNet50 + Cosine brute-force,ae3055f248d895b49668d0b2052a4920.jpg,2039518241,1.0,1.0,1.0,0.3333,1.0,0.2,1.0,0.1,1.0
ResNet50 + Cosine brute-force,b7da2f9e2942ef1bc8a6e13d0bf55a18.jpg,122550860,0.0,0.0,0.0,0.0,0.0,0.0,0.0,0.0,0.0
ResNet50 + Cosine brute-force,4641748d784d779087e57ab106087630.jpg,3163966185,0.0,0.0,0.0,0.0,0.0,0.0,0.0,0.0,0.0
ResNet50 + Cosine brute-force,fe2f96d129e71efb924e490ce60df52f.jpg,763032672,1.0,1.0,1.0,0.3333,1.0,0.2,1.0,0.1,1.0
ResNet50 + Cosine brute-force,239e8a056e669840901c38a4c70132ef.jpg,115650745,1.0,1.0,1.0,0.3333,1.0,0.2,1.0,0.1,1.0
ResNet50 + Cosine brute-force,ff9eb260106bbaadb0cba4f6e2a4c8d9.jpg,2428670441,1.0,1.0,1.0,0.3333,1.0,0.2,1.0,0.1,1.0
ResNet50 + Cosine brute-force,21524a1c1188696880c179c18ceb885a.jpg,4280826664,0.0,0.0,0.0,0.0,0.0,0.0,0.0,0.0,0.0
ResNet50 + Cosine brute-force,6b86b22f1f13ced025380d37f4ebc372.jpg,2769714447,1.0,1.0,1.0,0.3333,1.0,0.2,1.0,0.1,1.0
ResNet50 + Cosine brute-force,4444ac29c7ce0d31aa59d2b6c68f4b8e.jpg,986838970,0.0,0.0,0.0,0.0,0.0,0.0,0.0,0.0,0.0
ResNet50 + Cosine brute-force,726d679b5c4ae7e7c4241e97e136bddb.jpg,1711175704,1.0,1.0,1.0,0.3333,1.0,0.2,1.0,0.1,1.0
ResNet50 + Cosine brute-force,e463100dde24914c6a0b1ad0c933db02.jpg,3937149763,1.0,1.0,1.0,0.3333,1.0,0.2,1.0,0.1,1.0
ResNet50 + Cosine brute-force,8ccbb6cdd3c0f099a2cab841f2475a86.jpg,712591436,1.0,1.0,1.0,0.3333,1.0,0.2,1.0,0.1,1.0
ResNet50 + Cosine brute-force,0ee0cab6e735839831b7102b91f044f8.jpg,1623573552,1.0,1.0,1.0,0.3333,1.0,0.2,1.0,0.1,1.0
ResNet50 + Cosine brute-force,a67867c004e35582473714859d0f9fe9.jpg,3854289318,1.0,1.0,1.0,0.3333,1.0,0.2,1.0,0.1,1.0
ResNet50 + Cosine brute-force,4cc4d9ffb7cc7d4a376d7c2a4eda483b.jpg,1644754067,1.0,1.0,1.0,0.3333,1.0,0.2,1.0,0.1,1.0
ResNet50 + Cosine brute-force,54bf1b8c7b2cfa16f7ac50105d7f8d79.jpg,3285910310,1.0,1.0,1.0,0.3333,1.0,0.2,1.0,0.1,1.0
ResNet50 + Cosine brute-force,2eb0d8b2e926e82942769960ec8d6d88.jpg,678236612,1.0,1.0,1.0,0.3333,1.0,0.2,1.0,0.1,1.0
ResNet50 + Cosine brute-force,f88eb2287577fd5817ebc2d51b699613.jpg,4185794721,1.0,1.0,1.0,0.3333,1.0,0.2,1.0,0.1,1.0
ResNet50 + Cosine brute-force,9e90199b9f1d275642ff1538d859e006.jpg,583498879,1.0,1.0,1.0,0.3333,1.0,0.2,1.0,0.1,1.0
ResNet50 + Cosine brute-force,c8f678ef2574850a8aa0a3e31ff2c1bd.jpg,3273907723,1.0,1.0,1.0,0.3333,1.0,0.2,1.0,0.1,1.0
ResNet50 + Cosine brute-force,784fcbe75723c45935498e0ba2894b70.jpg,3029107307,1.0,1.0,1.0,0.3333,1.0,0.2,1.0,0.1,1.0
ResNet50 + Cosine brute-force,fad092f8acdd251dd1066b0345c64cf4.jpg,3224850644,1.0,1.0,1.0,0.3333,1.0,0.2,1.0,0.1,1.0
ResNet50 + Cosine brute-force,fd68da190e8739150321d72eeab52c0d.jpg,763032672,0.3333,0.0,0.0,0.3333,1.0,0.2,1.0,0.1,1.0
ResNet50 + Cosine brute-force,7998ee6fa84a97d10f38636f6e1aa638.jpg,2148785518,1.0,1.0,1.0,0.3333,1.0,0.2,1.0,0.1,1.0
ResNet50 + Cosine brute-force,5844a198a7701e4f3e048b23d26ce6e0.jpg,1531804546,0.0,0.0,0.0,0.0,0.0,0.0,0.0,0.0,0.0
ResNet50 + Cosine brute-force,4cc08fe9e62015d52134efd04cb72a3c.jpg,1300007930,1.0,1.0,1.0,0.3333,1.0,0.2,1.0,0.1,1.0
ResNet50 + Cosine brute-force,a5f474ae2def233110a9a05dc2e64e34.jpg,3781511357,1.0,1.0,1.0,0.3333,1.0,0.2,1.0,0.1,1.0
ResNet50 + Cosine brute-force,2717080e6a297cab37944a1abb87dc48.jpg,4043587155,1.0,1.0,1.0,0.3333,1.0,0.2,1.0,0.1,1.0
ResNet50 + Cosine brute-force,44c9deebb784e7d38fa2fe95c14b90d5.jpg,2725707385,1.0,1.0,1.0,0.3333,1.0,0.2,1.0,0.1,1.0
ResNet50 + Cosine brute-force,56a770c9bc78efab1b1af66c63c77380.jpg,3197346856,0.125,0.0,0.0,0.0,0.0,0.0,0.0,0.1,1.0
ResNet50 + Cosine brute-force,710e0b222fe762e296ef53f0a84893f0.jpg,467237087,1.0,1.0,1.0,0.3333,1.0,0.2,1.0,0.1,1.0
ResNet50 + Cosine brute-force,d1024a844c5ab22ff07b943a831dbc84.jpg,4253826862,1.0,1.0,1.0,0.3333,1.0,0.2,1.0,0.1,1.0
ResNet50 + Cosine brute-force,9fefd5528c944df1a9ebbfab052d64a7.jpg,886336390,1.0,1.0,1.0,0.3333,1.0,0.2,1.0,0.1,1.0
ResNet50 + Cosine brute-force,de89a690f69720262b57574f85988bd7.jpg,685296764,1.0,1.0,1.0,0.3333,1.0,0.2,1.0,0.1,1.0
ResNet50 + Cosine brute-force,2653a3c0a8ca972b7d29c4597473541c.jpg,2204481244,0.0,0.0,0.0,0.0,0.0,0.0,0.0,0.0,0.0
ResNet50 + Cosine brute-force,b0ce6180a63d74032195e7de2e4b6614.jpg,3021321489,1.0,1.0,1.0,0.3333,1.0,0.2,1.0,0.1,1.0
ResNet50 + Cosine brute-force,75574db1d839d9fcc23d360bcf313abc.jpg,2054351556,1.0,1.0,1.0,0.3333,1.0,0.2,1.0,0.1,1.0
ResNet50 + Cosine brute-force,bf79cb5b0a521a3ef11da563ab3f4018.jpg,388684396,1.0,1.0,1.0,0.3333,1.0,0.2,1.0,0.1,1.0
ResNet50 + Cosine brute-force,bfe07237716c2c824d281b7c78bfc1f5.jpg,937525808,1.0,1.0,1.0,0.3333,1.0,0.2,1.0,0.1,1.0
ResNet50 + Cosine brute-force,bd372b50f71101e62c6831d5a5e77c13.jpg,631880435,1.0,1.0,1.0,0.3333,1.0,0.2,1.0,0.1,1.0
ResNet50 + Cosine brute-force,18c46ab81cef90a4a33d705eb797f8cc.jpg,535166809,1.0,1.0,1.0,0.3333,1.0,0.2,1.0,0.1,1.0
ResNet50 + Cosine brute-force,b0a32477075c7615b3de5c180fbaf15c.jpg,2410084117,0.0,0.0,0.0,0.0,0.0,0.0,0.0,0.0,0.0
ResNet50 + Cosine brute-force,2cd287d5c85462d8091dcbb1911ce8e5.jpg,158855858,1.0,1.0,1.0,0.3333,1.0,0.2,1.0,0.1,1.0
ResNet50 + Cosine brute-force,8406cd1c882d647de047d508eb5cb5c5.jpg,2841123105,1.0,1.0,1.0,0.3333,1.0,0.2,1.0,0.1,1.0
ResNet50 + Cosine brute-force,35fc9679f0b16c217f744100753908e3.jpg,2725707385,1.0,1.0,1.0,0.3333,1.0,0.2,1.0,0.1,1.0
ResNet50 + Cosine brute-force,3d7183cd9d90886032fa784cdb43fdc9.jpg,2013607487,1.0,1.0,1.0,0.3333,1.0,0.2,1.0,0.1,1.0
ResNet50 + Cosine brute-force,54b793948f813e26e3514a55b00cadec.jpg,3715213560,1.0,1.0,1.0,0.3333,1.0,0.2,1.0,0.1,1.0
ResNet50 + Cosine brute-force,51e08559fa3a864c7447d7a52237d1db.jpg,3048696444,0.3333,0.0,0.0,0.3333,1.0,0.2,1.0,0.1,1.0
ResNet50 + Cosine brute-force,2e69d958dd9af31e1bc89581bfa49481.jpg,3519984805,1.0,1.0,1.0,0.3333,1.0,0.2,1.0,0.1,1.0
ResNet50 + Cosine brute-force,d51fe878d3b7f399c0efc3d0ae21cde9.jpg,3211565621,0.1111,0.0,0.0,0.0,0.0,0.0,0.0,0.1,1.0
ResNet50 + Cosine brute-force,afc0e8ba25110e6c89742eeb92884b88.jpg,1280208830,1.0,1.0,1.0,0.3333,1.0,0.2,1.0,0.1,1.0
ResNet50 + Cosine brute-force,96bbfbbeb99c965c9326a412cec5a9aa.jpg,1576131659,0.25,0.0,0.0,0.0,0.0,0.2,1.0,0.1,1.0
ResNet50 + Cosine brute-force,2e0f518c22c28d379223568cfe30965f.jpg,2235227223,0.0,0.0,0.0,0.0,0.0,0.0,0.0,0.0,0.0
ResNet50 + Cosine brute-force,ec966877d070044d21aee59fda0f4505.jpg,3583466797,1.0,1.0,1.0,0.3333,1.0,0.2,1.0,0.1,1.0
ResNet50 + Cosine brute-force,514d16a8136fb6f13ba28c67c2e15cb4.jpg,4263247011,1.0,1.0,1.0,0.3333,1.0,0.2,1.0,0.1,1.0
ResNet50 + Cosine brute-force,a9f1a5e99c60ca1c8c71931c78570b1e.jpg,512931898,0.1667,0.0,0.0,0.0,0.0,0.0,0.0,0.1,1.0
ResNet50 + Cosine brute-force,4a61786ac3e42fa566dc41bc7d197154.jpg,1664263101,1.0,1.0,1.0,0.3333,1.0,0.2,1.0,0.1,1.0
ResNet50 + Cosine brute-force,f42e1303065e9a735e623c919c2ead91.jpg,3950258671,1.0,1.0,1.0,0.3333,1.0,0.2,1.0,0.1,1.0
ResNet50 + Cosine brute-force,94852c92ff2030e13374ef240b2080d4.jpg,4218699672,1.0,1.0,1.0,0.3333,1.0,0.2,1.0,0.1,1.0
ResNet50 + Cosine brute-force,44ec59ec7319d741e1e4cb1a6fc3023b.jpg,507648310,0.0,0.0,0.0,0.0,0.0,0.0,0.0,0.0,0.0
ResNet50 + Cosine brute-force,a73449f0e30790c58273cb7fe3592e07.jpg,3071217143,1.0,1.0,1.0,0.3333,1.0,0.2,1.0,0.1,1.0
ResNet50 + Cosine brute-force,036ee9cc281bf3168c34470b8a8e9371.jpg,971745133,0.1429,0.0,0.0,0.0,0.0,0.0,0.0,0.1,1.0
ResNet50 + Cosine brute-force,5840be46b24eeb641f48d026c5aed455.jpg,876262420,1.0,1.0,1.0,0.3333,1.0,0.2,1.0,0.1,1.0
ResNet50 + Cosine brute-force,dc1e8e3ac46aa25c92ad20a9fd6cb6b9.jpg,3357042053,1.0,1.0,1.0,0.3333,1.0,0.2,1.0,0.1,1.0
ResNet50 + Cosine brute-force,5669f65b38b75a75b042bed39dfd1c59.jpg,1623573552,1.0,1.0,1.0,0.3333,1.0,0.2,1.0,0.1,1.0
ResNet50 + Cosine brute-force,9766557f172482efb43ab589c9a867fb.jpg,811765912,1.0,1.0,1.0,0.3333,1.0,0.2,1.0,0.1,1.0
ResNet50 + Cosine brute-force,7a9dc0f46d9a354d2fc753d4e11c989e.jpg,2590432328,0.1667,0.0,0.0,0.0,0.0,0.0,0.0,0.1,1.0
ResNet50 + Cosine brute-force,00f713aa9c5b92e15ba9b2b3c92d2f70.jpg,195769780,1.0,1.0,1.0,0.3333,1.0,0.2,1.0,0.1,1.0
ResNet50 + Cosine brute-force,bb0ab077f8a5de06cbfa0016141c46ba.jpg,2204320243,1.0,1.0,1.0,0.3333,1.0,0.2,1.0,0.1,1.0
ResNet50 + Cosine brute-force,7d6389735f7985575ae23af84efb6253.jpg,3924314161,1.0,1.0,1.0,0.3333,1.0,0.2,1.0,0.1,1.0
ResNet50 + Cosine brute-force,adc73b7ab2737abf09253280689e7831.jpg,3156823611,1.0,1.0,1.0,0.3333,1.0,0.2,1.0,0.1,1.0
ResNet50 + Cosine brute-force,96887c4bd6f5bee710160bdf9c3294f9.jpg,990609101,1.0,1.0,1.0,0.3333,1.0,0.2,1.0,0.1,1.0
ResNet50 + Cosine brute-force,10502d58f149a75a9a800e5778fc8e20.jpg,685296764,1.0,1.0,1.0,0.3333,1.0,0.2,1.0,0.1,1.0
ResNet50 + Cosine brute-force,8c9c885975da19fe027d1e685572ec84.jpg,2013607487,1.0,1.0,1.0,0.3333,1.0,0.2,1.0,0.1,1.0
ResNet50 + Cosine brute-force,0a6148e129e4f82be640d469f83d6322.jpg,576861546,0.5,0.0,0.0,0.3333,1.0,0.2,1.0,0.1,1.0
ResNet50 + Cosine brute-force,acadaa9d04a0bb8c8a47abb004097b8e.jpg,84839135,1.0,1.0,1.0,0.3333,1.0,0.2,1.0,0.1,1.0
ResNet50 + Cosine brute-force,02989f736cfa6a1964c88caf246491e1.jpg,238689611,0.0,0.0,0.0,0.0,0.0,0.0,0.0,0.0,0.0
ResNet50 + Cosine brute-force,d25109d013f695c825c889cfc2b4bc9e.jpg,4159093852,1.0,1.0,1.0,0.3333,1.0,0.2,1.0,0.1,1.0
ResNet50 + Cosine brute-force,7500e1dd6dec991a9c6e0fce46085074.jpg,2673724338,1.0,1.0,1.0,0.3333,1.0,0.2,1.0,0.1,1.0
ResNet50 + Cosine brute-force,95741d894c59c29fe8927b7c4f2729b8.jpg,3029107307,1.0,1.0,1.0,0.3333,1.0,0.2,1.0,0.1,1.0
ResNet50 + Cosine brute-force,b564ee4c8810c3b0be7076a3a96efb54.jpg,4030752903,0.5,0.0,0.0,0.3333,1.0,0.2,1.0,0.1,1.0
ResNet50 + Cosine brute-force,369bf533991d3af94f820adc72da94c3.jpg,1395102007,0.1,0.0,0.0,0.0,0.0,0.0,0.0,0.1,1.0
ResNet50 + Cosine brute-force,140da1e985b436180a76ccabcfd661ba.jpg,1531804546,0.3333,0.0,0.0,0.3333,1.0,0.2,1.0,0.1,1.0
ResNet50 + Cosine brute-force,022f08b9f59000f83743d955ea75cd6a.jpg,1284560630,0.1667,0.0,0.0,0.0,0.0,0.0,0.0,0.1,1.0
ResNet50 + Cosine brute-force,5cb66330b1b9d9f3b9d31073f61e0738.jpg,2901819840,1.0,1.0,1.0,0.3333,1.0,0.2,1.0,0.1,1.0
ResNet50 + Cosine brute-force,8bac7273b7b2e5fa1046d6113a9a4c27.jpg,1243244040,0.0,0.0,0.0,0.0,0.0,0.0,0.0,0.0,0.0
ResNet50 + Cosine brute-force,dfd9772ae1b9b466dcfb48ccb2287b09.jpg,1789427472,1.0,1.0,1.0,0.3333,1.0,0.2,1.0,0.1,1.0
ResNet50 + Cosine brute-force,9ee8ccfc383d36ecf269516c92fdb001.jpg,50839031,1.0,1.0,1.0,0.3333,1.0,0.2,1.0,0.1,1.0
ResNet50 + Cosine brute-force,0e7507e0bd9815c7c6313a5bfdc1931f.jpg,1300007930,1.0,1.0,1.0,0.3333,1.0,0.2,1.0,0.1,1.0
ResNet50 + Cosine brute-force,30b08afa003b9b85c7678de0ce7ed52a.jpg,1337881232,1.0,1.0,1.0,0.3333,1.0,0.2,1.0,0.1,1.0
ResNet50 + Cosine brute-force,3b2bd1ce8d12a7e17504de42f8b4bcea.jpg,2406872845,0.1667,0.0,0.0,0.0,0.0,0.0,0.0,0.1,1.0
ResNet50 + Cosine brute-force,3428ce52a9c43505865d2bdefab028fc.jpg,1093008820,1.0,1.0,1.0,0.3333,1.0,0.2,1.0,0.1,1.0
ResNet50 + Cosine brute-force,1d188c5c6ce1bf7f938d61c1b9ce1f48.jpg,1779671211,1.0,1.0,1.0,0.3333,1.0,0.2,1.0,0.1,1.0
ResNet50 + Cosine brute-force,6e628e187acc8c2aa7247b1d0c4d959a.jpg,368050926,0.1667,0.0,0.0,0.0,0.0,0.0,0.0,0.1,1.0
ResNet50 + Cosine brute-force,c382652c390d1f841dda9bb8a6015ca3.jpg,2203660548,1.0,1.0,1.0,0.3333,1.0,0.2,1.0,0.1,1.0
ResNet50 + Cosine brute-force,f055f224f3d7d0c232fa6f8630c755f5.jpg,1019668446,1.0,1.0,1.0,0.3333,1.0,0.2,1.0,0.1,1.0
ResNet50 + Cosine brute-force,e535baefb7188932efca1421bd072ea5.jpg,2673724338,1.0,1.0,1.0,0.3333,1.0,0.2,1.0,0.1,1.0
ResNet50 + Cosine brute-force,e06965033ef764c266dbd0001f912f56.jpg,3924716875,1.0,1.0,1.0,0.3333,1.0,0.2,1.0,0.1,1.0
ResNet50 + Cosine brute-force,5b6322cff2614e21407890cd2e15ebc3.jpg,1339662767,0.0,0.0,0.0,0.0,0.0,0.0,0.0,0.0,0.0
ResNet50 + Cosine brute-force,54b1a444a77a22a2257a505df49c87d9.jpg,3432029652,0.0,0.0,0.0,0.0,0.0,0.0,0.0,0.0,0.0
ResNet50 + Cosine brute-force,9c96583ec6adececcc5f8467557095ba.jpg,105959685,1.0,1.0,1.0,0.3333,1.0,0.2,1.0,0.1,1.0
ResNet50 + Cosine brute-force,eeefda9b5fc293073ac537893b75923f.jpg,3937733565,1.0,1.0,1.0,0.3333,1.0,0.2,1.0,0.1,1.0
ResNet50 + Cosine brute-force,d1a068f8b327f9a5864f7910854295ff.jpg,238689611,0.125,0.0,0.0,0.0,0.0,0.0,0.0,0.1,1.0
ResNet50 + Cosine brute-force,d17e2704bb72e04c1a89be823c219279.jpg,195769780,1.0,1.0,1.0,0.3333,1.0,0.2,1.0,0.1,1.0
ResNet50 + Cosine brute-force,ab69ec74698a2bbda479c23cefc147dd.jpg,3117416408,0.0,0.0,0.0,0.0,0.0,0.0,0.0,0.0,0.0
ResNet50 + Cosine brute-force,9c23b1ddd8794c8a5d5b1b90e80eca5d.jpg,2082555998,1.0,1.0,1.0,0.3333,1.0,0.2,1.0,0.1,1.0
ResNet50 + Cosine brute-force,3abec0dc42912d3e09c0f173f4c46e06.jpg,191088936,1.0,1.0,1.0,0.3333,1.0,0.2,1.0,0.1,1.0
ResNet50 + Cosine brute-force,b82642e4b6ba15fe8c4c22a737416b3a.jpg,524178901,1.0,1.0,1.0,0.3333,1.0,0.2,1.0,0.1,1.0
ResNet50 + Cosine brute-force,f5d12a0889c8509d377968077e3166ba.jpg,2428670441,1.0,1.0,1.0,0.3333,1.0,0.2,1.0,0.1,1.0
ResNet50 + Cosine brute-force,218530ecd64eb5f686c339914c938c53.jpg,4069659242,1.0,1.0,1.0,0.3333,1.0,0.2,1.0,0.1,1.0
