query_index,query_title,query_label,rank,mismatch_image_index,mismatch_image_file,mismatch_image_title,mismatch_image_label
34248,"Kaldu NON MSG HALAL Mama Kamu Ayam Kampung , Sapi Lokal,  Jamur (Bkn Alsultan / Biocell)",1663538013,1,30536,e443cf788928f2fb8c834b6bc0bcb477.jpg,Totole / kaldu jamur 200gr,1673669565
34248,"Kaldu NON MSG HALAL Mama Kamu Ayam Kampung , Sapi Lokal,  Jamur (Bkn Alsultan / Biocell)",1663538013,2,11752,585b6c69e4df9426a55d99127d4dd7ac.jpg,TEH BAJAKAH ASLI KALIMANTAN KUALITAS PREMIUM,1158312772
34248,"Kaldu NON MSG HALAL Mama Kamu Ayam Kampung , Sapi Lokal,  Jamur (Bkn Alsultan / Biocell)",1663538013,3,10016,4b223706bec6ad2d3151c81a3ad73def.jpg,READY SURABAYA!! Susu Almond Lactamond Bubuk /Premium 5x Minum/ ASI Booster Minuman Pelancar,717019588
34248,"Kaldu NON MSG HALAL Mama Kamu Ayam Kampung , Sapi Lokal,  Jamur (Bkn Alsultan / Biocell)",1663538013,4,31750,edf25d976f5d771b9d1c45628a9baaeb.jpg,Sasa LaRasa Bumbu Lumur Ayam Spesial 26gr,682258630
34248,"Kaldu NON MSG HALAL Mama Kamu Ayam Kampung , Sapi Lokal,  Jamur (Bkn Alsultan / Biocell)",1663538013,5,309,027a160a1a84483930e075392c3d9758.jpg,Bumbu tradisional asli GERAK TANI 90 gram,3793731481
34246,MamyPoko Pants Royal Soft - S 70 - Popok Celana,2736479533,1,25145,bc1920aed72dfb4a6e0c0e1e10620600.jpg,MamyPoko Pants Royal Soft Boys/Girl/S46/M42/L34/XL30/XXL24/popokcibarusah,22285547
34246,MamyPoko Pants Royal Soft - S 70 - Popok Celana,2736479533,2,20949,9d52cd440df1d2dcb0917c248c371889.jpg,Mamy Poko Pants Royal Soft XL 30,705336788
34246,MamyPoko Pants Royal Soft - S 70 - Popok Celana,2736479533,3,3638,1bd53a083c3a25f80a6edb4529992e50.jpg,MAMYPOKO ROYAL SOFT GIRL M42/L34/XL30/XXL24/karismasusu,22285547
34246,MamyPoko Pants Royal Soft - S 70 - Popok Celana,2736479533,4,27553,ce538d5b430e0a4035e844bd55a9642d.jpg,Mamy Poko Pants Royal Soft BOY/GIRL M42/L34/XL30/XXL24,22285547
34246,MamyPoko Pants Royal Soft - S 70 - Popok Celana,2736479533,5,2240,111ee202bca2ff22919e91c5cd8d88e6.jpg,MamyPoko Pants Royal Soft Boys L34 / Mamy Poko Celana Extra Soft L 34,22285547
1,"Double Tape 3M VHB 12 mm x 4,5 m ORIGINAL / DOUBLE FOAM TAPE",2937985045,1,19262,911ec2d0f08035714d46a006ce9c8c54.jpg,DOUBLE TAPE BUSA 3M Pe Foam Tape 24mm x 4M ORIGINAL,475342649
1,"Double Tape 3M VHB 12 mm x 4,5 m ORIGINAL / DOUBLE FOAM TAPE",2937985045,2,25199,bc8880b245804eecd8f07d16c22191fa.jpg,3M VHB 12mm x 4.5m Double Tape Foam Merah Otomotif & Building ORI,2819310070
1,"Double Tape 3M VHB 12 mm x 4,5 m ORIGINAL / DOUBLE FOAM TAPE",2937985045,3,23593,b0fe67a25aaad6098bdab7d3afe73484.jpg,Double Tape 3M 4900 VHB 24 mm x 4.5m tebal 1.1 mm 24mm Ori Original 24 mm 1 inchi,2819310070
1,"Double Tape 3M VHB 12 mm x 4,5 m ORIGINAL / DOUBLE FOAM TAPE",2937985045,4,9800,49729413228d1f83bb2cb32739dedb32.jpg,3M Double Tape Foam 24 mm PE I Isolasi Solasi Bolak Balik Spon Busa 1600TG Daya Rekat Kuat Original,475342649
1,"Double Tape 3M VHB 12 mm x 4,5 m ORIGINAL / DOUBLE FOAM TAPE",2937985045,5,9801,49729413228d1f83bb2cb32739dedb32.jpg,3M Double Tape Foam 24 mm PEI Isolasi Solasi Bolak Balik Spon Busa 1600TG Daya Rekat Kuat Original,475342649
34245,Masker Bahan Kain Spunbond Non Woven 75 gsm 3 ply lapis Bisa Dicuci,3776555725,1,29535,dd43087feb475d3c4660b7b16b0c7103.jpg,Masker Sensi Duckbill pack isi 6 / Repack isi 5,3659553730
34245,Masker Bahan Kain Spunbond Non Woven 75 gsm 3 ply lapis Bisa Dicuci,3776555725,2,30962,e7e7e0a033a33c09001fc313af07ffec.jpg,MASKER SCUBA / MASKER KAIN SCUBA / MASKER SCUBA KOREA / EARLOOP MASK / MASKER SCUBA PREMIUM / MASKER,514101767
34245,Masker Bahan Kain Spunbond Non Woven 75 gsm 3 ply lapis Bisa Dicuci,3776555725,3,975,07ad2447c4f2ef115f7ad36e791dde4c.jpg,Masker Sensi Duckbill box isi 50pc,1860299582
34245,Masker Bahan Kain Spunbond Non Woven 75 gsm 3 ply lapis Bisa Dicuci,3776555725,4,26099,c34338d4b73fd97998ce874147941662.jpg,Masker Ateja Mask Kain Non Medis 3 Lapis / Ply Model Earloop Headloop Hijab Ukuran Dewasa Anak SNI,1219036414
34245,Masker Bahan Kain Spunbond Non Woven 75 gsm 3 ply lapis Bisa Dicuci,3776555725,5,23487,b065230c8f87288aad5d84b6fe3d7a56.jpg,BOSON Masker Hijab Headloop 3 Ply Isi 40 Pcs - Disposable Daily Mask,1868822738
3,Daster Batik Lengan pendek - Motif Acak / Campur - Leher Kancing (DPT001-00) Batik karakter Alhadi,4093212188,1,21400,a0b74670a120024c3afc03be1fa65c7d.jpg,Gorden Kolong Dapur / Gordeng kompor wastafel motif batik bunga shabby ( hordeng poni ),2355878351
3,Daster Batik Lengan pendek - Motif Acak / Campur - Leher Kancing (DPT001-00) Batik karakter Alhadi,4093212188,2,14593,6ddf4ccf051404177718c9afeaa44cc9.jpg,Sarung Batik Halus Motif Wayang Gunungan - Warna Kuning - Sarung Gus Azmi,1206055512
3,Daster Batik Lengan pendek - Motif Acak / Campur - Leher Kancing (DPT001-00) Batik karakter Alhadi,4093212188,3,26552,c6ba5bcb417c4ba97d316323ffbff06c.jpg,GUS Azmi / Sarung batik santri putri sarung gloyor tubanan,1206055512
3,Daster Batik Lengan pendek - Motif Acak / Campur - Leher Kancing (DPT001-00) Batik karakter Alhadi,4093212188,4,33326,f9683f46ea50b4730663587c8dbe4d73.jpg,GORDEN PEREKAT UKURAN 120X200 MOTIF MOON STAR,2783670538
3,Daster Batik Lengan pendek - Motif Acak / Campur - Leher Kancing (DPT001-00) Batik karakter Alhadi,4093212188,5,17561,843080ff4380fb71ceac1d127f64aaff.jpg,Sarung batik cap halus/ sarung batik gurdo / sarung batik hadroh sarung batik seno,1524439028
